Id,OrderId,ItemId
9a2d6d23-bcaa-4584-93cc-e3ffa23b427e,c9f5ca52-893a-4172-84a9-309975bf6a4f,1271e64e-1291-464e-9bb8-b5b0e65d04a3
145d1cbb-b502-4e37-8c72-04af3bf3985f,dc9b9742-c497-47aa-810b-5aef41bfd838,1271e64e-1291-464e-9bb8-b5b0e65d04a3
9156859e-dd5c-4fbd-b621-c3810a8a16b8,272ccf9a-ca10-4fbc-abf3-fc2b967137be,faabf6cc-2887-448c-97b7-4534100defd5
3a75761d-ca99-49a4-b91f-613b4d99d9ad,405ea742-c5f4-4155-aa6b-a2b618ddec10,faabf6cc-2887-448c-97b7-4534100defd5
e40dd085-d659-4504-ba3b-56f216c2603f,dd1fa483-9ec8-4178-9ecc-eec4049aee4b,de8e1b7c-22ef-4027-9e06-e52c842e14ec
e48000dc-8954-430c-a482-a2dd4e5c67e4,405ea742-c5f4-4155-aa6b-a2b618ddec10,faabf6cc-2887-448c-97b7-4534100defd5
ffd4d1e9-ba06-440a-af42-a872a2939e41,dc9b9742-c497-47aa-810b-5aef41bfd838,faabf6cc-2887-448c-97b7-4534100defd5
e2a08e09-4e05-48a4-8f2d-1d8a53671143,dc9b9742-c497-47aa-810b-5aef41bfd838,de8e1b7c-22ef-4027-9e06-e52c842e14ec
de961540-deb7-418e-9749-2d9dedf9d8d0,c31dffac-e70a-4150-b3d1-7f3b5e431364,49581a65-e45c-43bc-bcce-791af3b87f18
8d3f8da6-b2a7-4600-bee2-79516740498b,9df3bd89-ce5f-4633-a56b-d97bfd90d02a,f5af15b5-3105-4241-8e49-6598eccfd5e2
