Id,Name,Gender,Birthday,Age,Address
2aa02f16-8bd8-447d-b600-747441a3e559,정은우,여,1989-03-16,35,경기 하남시 20길 54
7594377e-50ce-4a2d-9bba-81e9480521ea,장하민,여,1982-06-04,42,대구 강서구 78길 71
9308c43d-a123-400f-9ca1-115c6c153706,윤재윤,남,1994-01-11,30,인천 과천시 61로 39
d7b68027-0b9d-4ae1-b2ad-6663ec89c3fb,김동현,남,2000-05-08,24,울산 동대문구 18로 64
53ee2814-5928-4da5-be5b-bfb46c869921,정정우,남,2009-03-02,15,울산 파주시 95로 31
3b1b92d0-53fa-4577-84c2-941ee26321b3,김현우,여,1990-05-01,34,충남 강서구 4로 75
5b2bbf43-065b-4be4-9d13-492a50deca57,정유준,남,1994-09-14,30,울산 강서구 92길 4
a4863742-fed4-4642-9083-846ab4077cf6,윤승현,여,1985-07-24,39,전남 서대문구 87길 108
6d07f0ff-dfbc-4ed9-8616-c17249b09f1c,조지후,남,1985-04-13,39,경북 의왕시 70로 13
fe81f690-f7f3-4835-85e5-122d08fbf7bc,김예성,남,1990-05-13,34,전북 영도구 63로 145
049e7e45-d312-48a5-a607-c04128ab472d,김지우,남,1985-03-23,39,충남 과천시 82로 107
f14ab571-dad6-4290-b8b7-bd914688f719,박은우,남,1999-06-11,25,인천 양평군 5로 151
bcd99ff8-dee4-42cc-aa9e-e9a3a45beae0,강재윤,남,1995-05-02,29,경북 포천시 88길 195
74f964b3-6fa6-4948-b577-432b9fa2be6e,박지후,여,2002-02-18,22,서울 마포구 33로 22
ed8b622d-758f-4260-ac62-b59a8a11995f,강시온,여,2000-06-27,24,대전 군포시 47로 159
9c91bfd6-00b5-44c2-9022-0ee181d1ba31,정지훈,남,1994-05-09,30,전북 군포시 19길 177
a83a06a8-32df-4a24-8d38-9763ae87ad49,박우진,남,1997-09-05,27,울산 강서구 27길 183
d198478e-1b9e-485a-9188-eb56c5fe7e87,정지후,여,2009-05-21,15,인천 용인시 77로 149
9ae3ab1a-fac2-4f4e-add4-b06207a44d2e,이서준,남,1994-09-28,30,울산 군포시 59로 118
15223c1b-a9eb-49a3-adf3-0c1c299cba84,윤유준,여,1990-02-27,34,서울 종로구 7길 73
888a5e4b-ff8b-41a6-b0e7-3ee5ad414022,이지율,여,1992-07-14,32,경북 강서구 49로 30
d891d0e8-15bf-4c16-9878-7c4c181bc8cf,강동현,여,2002-08-11,22,제주 서대문구 8길 55
442be374-0988-4c99-b5d3-9d31b0addb2a,박예준,남,1980-09-27,44,서울 김포시 58길 111
ee8465a9-d8ea-4432-ac7d-747686457e85,박재윤,여,2008-10-04,16,충북 의왕시 53길 86
41f65093-c65d-4ed6-91d3-9b2513478a93,김시현,남,1989-03-08,35,대전 평택시 86길 96
6327569c-8af8-4d0a-bc66-977fcada41ce,장서준,남,2009-07-13,15,전남 영도구 72로 150
e5fb5789-d181-48c3-a3c2-3eb13dd3bcdb,정도하,여,1983-02-12,41,강원 은평구 5길 175
7df4c124-3f09-457c-a339-7627c7fd0252,조준호,여,2005-06-02,19,전북 마포구 75길 22
2dd84209-7b9f-4928-8c7f-d8c3c625fb18,강민성,남,2006-01-07,18,충북 군포시 39길 177
cabf4364-c2f0-428b-a2b3-e6e376676efa,최태현,남,1999-04-22,25,강원 연제구 60길 112
ba87ef9a-2019-42d8-ad56-0cc1b67e41b8,박정민,남,1991-12-21,33,서울 수영구 65길 141
4c821093-3248-4161-b884-069c0eccd4f3,강서진,남,1987-09-16,37,세종 광주시 97로 83
a29a5749-e8d0-496d-af0e-a74093ca4132,강태양,여,2000-08-14,24,세종 구리시 19길 58
a2ac9b70-6882-49fc-b109-93ac5745826c,강정민,남,1996-01-12,28,부산 평택시 64길 116
1f1998a1-57b6-4a80-963f-9d1eeb7dda79,김은호,여,2005-02-03,19,광주 서대문구 56길 4
c0fc1839-dcf1-4342-b35b-01752686d8bc,윤하민,여,1997-01-08,27,충남 북구 27길 124
ebf1e4ce-e9a5-4ebe-b91c-4e289cda96b0,조시윤,남,1991-01-03,33,부산 성동구 41로 116
34a997ed-d128-4d36-b80e-d67f9f7df9b1,이다온,남,1998-11-26,26,울산 군포시 72로 128
fbe665e2-f594-4b6b-a2b7-7c2f6f4659f3,강연우,여,1996-04-16,28,경기 양천구 42길 22
aa1c693d-3c61-4751-b96b-452fb6f7788d,김민혁,여,1986-12-14,38,전북 양평군 82길 173
15701fc4-38fc-4034-8ebc-509e96bda5a3,최도윤,남,2007-12-12,17,전북 성동구 24로 100
37e661b2-d091-4f1d-808e-6f357faddece,장도하,여,2008-10-04,16,제주 광주시 64길 67
9739c933-6e04-4e8c-a143-e37b18dde0f3,최재민,남,1996-03-07,28,충북 영도구 34로 75
47723c7a-54d9-42c9-a931-9b8c97011826,윤지호,남,1990-07-03,34,부산 구로구 73로 171
3e491284-e505-4b8e-8301-2e347af12cc6,최성준,남,1982-02-08,42,충남 양평군 1길 103
c526aac4-e954-4f5b-9b0b-0b9e7c780290,박규민,남,2009-01-15,15,대구 영등포구 5길 92
554f16b3-8469-4ce9-80cb-258ba3ea9270,최하율,여,1992-04-10,32,경북 금정구 24로 102
8123cbb2-afbb-43f1-b913-10ba1bbd9a8b,윤지우,여,2007-01-18,17,경기 안산시 69길 107
aacc7a53-f5f4-41df-aab2-dbdd0cdaa337,임지환,여,1993-08-03,31,대전 동두천시 81길 152
ec092cee-9f84-4a6c-b59b-52d9c23bff50,이지우,남,1994-07-20,30,충북 사하구 86로 157
2645ccc2-a753-4012-ad83-d99fe7f43db8,조민혁,남,2000-06-15,24,충남 양천구 80길 200
c9a64c0b-5b39-4a70-9cc7-043bf815eaaa,장태민,남,2009-08-14,15,전남 강북구 58길 169
57948754-dbad-440d-934b-af833d3a2f4a,임주원,여,2009-06-04,15,울산 도봉구 8로 154
7f63a135-69fa-4d1b-80da-3c0471bb6ac7,임윤성,남,1991-11-18,33,울산 연제구 62로 173
20ffc7a8-318c-4ac7-8d64-f60703b2bacf,최지민,남,2006-12-25,18,서울 이천시 69길 75
6fe8c546-9104-4c60-a6d4-62361b9978b7,장준서,여,2002-02-01,22,대전 평택시 10길 144
898197d8-e648-4cad-9f6d-a5544a0d0901,조하준,남,1999-09-02,25,전남 은평구 10로 94
477c112a-4702-456d-852f-589025079fe5,정윤호,남,2008-05-08,16,부산 화성시 38로 171
75b02200-90ea-49c4-ae29-46d74f031c44,김윤우,여,2001-11-19,23,대전 동작구 39길 190
5634ee9b-29b2-4611-8203-2a812fba65ac,박유준,여,1997-02-17,27,제주 동두천시 11로 151
4bcdd0d0-d56d-4ea9-b0c2-a97e9ac4557f,정지성,여,2009-02-02,15,인천 남구 66로 192
67f91dc3-4dee-402f-b2b3-89e7c345f96c,강은우,여,1982-03-26,42,서울 은평구 30로 106
9bb43dc1-505c-40b5-86ae-fd0b98bc79a9,최지호,여,1987-04-08,37,서울 여주시 7길 146
95794138-ecfa-4b21-b369-ad5707621029,이민혁,남,1991-04-07,33,강원 과천시 14길 18
915c24b7-6ef6-46df-901e-0639c4db0e50,조유준,남,2004-02-22,20,경기 성동구 6로 127
89b297ba-f904-4fbf-bc3a-65c16f103c5c,김준희,남,2005-08-10,19,전북 동래구 59길 131
887687c9-6939-4f23-bffd-601328c1c717,강규민,남,1990-10-11,34,대구 부산진구 21길 3
15f7c840-3c40-4f2f-8dc2-f623771f07fd,윤서우,여,2000-02-15,24,제주 서초구 43길 195
80cad8af-3651-4d64-8a2a-de5c5793f1d0,김유준,남,1983-10-06,41,서울 안양시 62로 106
f8365f13-60e1-40fe-8202-549d6353516b,김시윤,남,2006-12-22,18,강원 동작구 9로 101
c95823d9-450c-4864-bb34-55adeeb1c97f,정현서,남,1991-10-02,33,제주 영도구 62로 109
6ea6b35c-1f5d-4ef4-9dbd-7982c045472d,장수현,여,1985-07-01,39,전남 안성시 93로 176
e7fde418-e8dd-477c-93c2-be58d82aa738,조서준,남,1982-03-13,42,대전 구로구 73로 159
5a48114d-c169-40c8-ba86-56fafed94917,이재민,남,1990-07-05,34,광주 부산진구 20길 36
6373af7d-a147-4210-ab39-2d493c676818,강지안,여,1986-04-18,38,전북 사상구 75길 124
b27b89f8-49e9-4387-af76-00a94d3141bd,윤성준,여,1986-12-12,38,강원 사하구 39로 141
9ac4f2ac-1cce-43cc-b677-db5a145bc39f,김서준,여,2007-04-19,17,대전 여주시 98길 78
53bddd0b-57f7-430e-9b7c-64062e4b30d8,강재현,여,1985-12-04,39,제주 연천군 49길 129
b6568e3e-b9c2-4a59-8246-56083ea077b0,임민규,여,1980-08-26,44,서울 안양시 82로 197
040073a7-ffce-4224-8782-d860dee6649b,장현우,남,2010-12-05,14,서울 강북구 87길 89
863b5dfa-622a-4901-b59e-049878e0e674,강준영,여,1996-09-01,28,강원 강남구 51길 47
7c838378-912a-4476-8fc0-5e4a9ac25de5,강로운,남,2004-05-14,20,대전 용산구 20길 174
7206361e-b690-4109-944b-032b004b4260,조윤성,남,1996-11-11,28,전북 중구 90로 98
bb489161-3a2d-4b6c-8221-d3825c125a89,강하진,남,1984-03-16,40,강원 의왕시 63길 197
a3b20f3d-c2ff-42db-985b-724cd40860db,조재현,여,2004-12-06,20,서울 안성시 95로 81
8c3549b4-9a4b-48ce-b6e5-51cc9fbbef0d,임재윤,여,1993-11-01,31,광주 영도구 46길 136
49810470-eb17-4073-9619-8968ed2b3857,윤태양,남,2002-11-21,22,제주 영도구 70길 25
4ea3cdb1-c4ba-4961-ac73-05c4c5000ed9,이도훈,여,1990-05-07,34,전남 구리시 71로 179
eb3063af-7f83-4784-95e0-c365cc70a0bc,최하준,남,1981-07-21,43,충북 용산구 55로 147
8bc8a867-6ed8-4e27-9dcb-89d79b0f5d27,이하민,여,1986-08-21,38,충남 안양시 95로 103
5489335a-d5e2-43f1-a82e-4a803765164a,이시후,여,2004-10-07,20,부산 금정구 55로 194
c08f677f-4f34-44ed-b478-893a07a240bf,조규민,여,2000-04-11,24,울산 성남시 97로 103
4a604edd-beaa-47a6-9202-8b76aa0b3f03,박준우,남,1990-10-19,34,대전 송파구 96로 161
120b15a2-74b6-4109-8913-6571fcfa72bf,최우빈,여,1983-04-02,41,전북 군포시 70로 40
a9874257-0109-4e92-9ba2-f5d031c13451,임지민,여,1991-10-09,33,인천 부천시 96로 85
49ff6273-fe73-490e-ae8b-6ad014d8c446,이준우,여,1983-07-10,41,경기 강서구 90로 126
33818135-045d-40fb-8e2b-8d5e3d84bc18,정현준,여,2001-05-11,23,전북 강동구 40로 126
a1705973-3e8a-4c00-bb71-140eb4f672ff,최준수,여,2009-03-08,15,강원 의왕시 56로 17
3959f225-4357-451d-a2ed-6e259ec58e96,장지한,여,1985-02-24,39,대구 용산구 41로 160
2983172c-347a-4701-bf7b-ed49638b899d,김시원,남,1980-04-26,44,대전 부산진구 14로 25
ad267765-e030-4297-83a1-d16caced6d23,윤민혁,남,2001-03-06,23,제주 하남시 77길 128
75f89843-f2bb-4f2b-8ea0-a220f364d189,강이준,여,1996-11-26,28,세종 금정구 43로 91
9806c9f8-d26a-4be0-9883-5dffe79cca8a,장준혁,여,1994-08-21,30,부산 구리시 100길 163
7a82e1a6-28bb-4b52-978d-218be78ad76f,장서진,여,2001-08-13,23,제주 강서구 8로 29
268003e3-47bd-4100-96e5-41b0453cd303,정예성,여,1982-08-22,42,울산 가평군 30로 119
b78ee1da-03f3-4491-bcbc-d71814f2edca,이한결,남,1982-02-23,42,전남 금정구 20로 140
90ba4130-2337-4589-8fcf-3fbf1826b03e,윤윤우,남,1999-05-08,25,제주 과천시 50길 182
fb599039-3f58-4675-9dd4-bdd4fa243720,강성민,남,2007-11-24,17,대전 마포구 99로 114
943c18e1-baae-495b-b3bd-5cf17bea71aa,장민찬,남,1986-08-04,38,충남 동래구 36길 139
659cf244-7f74-463b-85e7-51bbba53e2e4,정도훈,남,1992-06-03,32,울산 영등포구 19로 46
7211d836-c679-4496-8956-08ff858bf902,박태민,남,1999-06-12,25,세종 중랑구 11로 179
f5ec7134-25ba-4aef-88d2-605dcf86c327,김서진,여,1997-09-08,27,대전 김포시 99로 143
28efa5c2-aa38-4b9f-882f-d1c9ec84e0aa,장도훈,남,1986-04-13,38,전남 하남시 28로 14
b52a5364-36ed-4355-9846-e9de6e4d3a2a,박지원,여,1985-01-17,39,경북 노원구 88길 175
12eab60b-b9e4-4f5e-8f9d-1e8eb5837a4f,최승민,여,1988-01-25,36,대전 도봉구 48로 174
38a1d546-f924-47a1-9426-8ee34d91a7f5,정윤성,여,1985-01-15,39,광주 은평구 37길 128
8faff794-ea6a-4ae1-a85b-4d9fae121a70,조지환,여,2001-02-01,23,경북 노원구 9로 176
3d378352-b9ac-4259-8840-7e00282bdf79,김도현,남,1998-09-05,26,충북 동두천시 34길 78
a23ec268-da05-44cf-8d66-f4eb247aaec2,임주원,남,1983-02-28,41,경기 중랑구 50길 114
74f90a38-940e-4ffa-9188-081f80844972,장수호,남,1989-09-11,35,대전 수영구 58로 15
435489b0-3668-4877-a6ef-e7b223a89ee6,김예준,남,1985-12-13,39,강원 용인시 99길 87
07f4c723-d3b3-4129-b751-6e952b18feb4,임성현,여,1984-03-18,40,강원 의왕시 93길 61
a3afe642-4fa8-4479-98cd-da679fb46c6b,이민호,여,1980-06-27,44,부산 송파구 60로 93
695791fe-3338-49ab-86a5-edd9b599b2e8,이준수,여,1984-03-18,40,전남 동래구 7로 93
197879ef-3b35-4e26-8ef1-2cef0e5fa3cb,이서진,여,1998-05-27,26,인천 남양주시 90로 100
88133daa-ce35-42b3-a59b-039b7e756cf1,장승민,여,2003-11-03,21,경북 이천시 41로 181
e4903592-eb3c-4dd9-bcbe-20a0f17d6a86,임태윤,남,1990-09-02,34,서울 성북구 3로 12
08c1a77e-f6c1-49fc-834b-6bf577f8886b,박서우,여,2001-10-15,23,대구 중랑구 52길 160
167d1675-2845-407d-819e-6129b91cd204,조재현,남,1984-02-12,40,충북 송파구 55로 43
9cfdc2f4-d311-4d0c-ae53-e760d847dc10,조정민,여,1984-09-08,40,충남 파주시 40로 92
3c940f3f-d514-4643-afad-62802c95dca5,강유준,여,1986-04-10,38,서울 광진구 32로 102
c7c320d9-12d5-4afc-95b6-2d1e0b29c2c3,김진우,여,2002-08-15,22,강원 사하구 90길 45
63e78542-76f7-477c-9951-2f4e607472fa,윤민찬,남,1993-01-19,31,광주 안양시 41로 53
a4a80698-5fff-40b5-9e2b-945cf24d9d35,정시원,남,1992-08-07,32,충남 광주시 99길 40
940bf703-8363-4b3e-8319-cf63b0264209,강도윤,남,1994-03-17,30,강원 이천시 34로 199
6f806e3b-6710-4ec7-93da-6ce749b720a1,조도윤,여,2002-12-16,22,인천 광주시 84길 14
2dd02d22-c98c-4d8f-aea8-dff5e34b1b2e,조윤호,여,1992-08-15,32,충남 가평군 17길 139
0e3b7875-85a4-45fe-b832-86b4ea3eb3f7,윤태민,남,2008-10-19,16,세종 동구 58길 14
55f8541b-9490-4e1b-976b-62b7de121c78,장우주,남,1988-05-20,36,강원 강동구 70로 81
1837bdb6-194a-444c-a1a8-2e1c341e95fd,김지환,여,2008-10-11,16,전북 노원구 67로 156
90415ecb-9949-418f-9282-da7af52b93de,박지안,여,1985-08-27,39,세종 영등포구 59길 18
d104507f-dc87-4b0e-be55-4e42aa04c92d,조서진,남,2001-03-21,23,세종 부천시 8로 46
3933df00-3391-492c-a108-83ff7885f122,조승우,남,1998-12-07,26,강원 부산진구 4로 169
bfa03504-a411-4f6d-968b-89d992708515,박재현,여,1980-12-10,44,울산 강북구 5로 184
a13ef72c-c39d-4e25-adbf-064792797369,윤이안,여,2006-04-10,18,서울 의왕시 81로 153
d8f907f3-a288-4f80-9157-04d16aacc0a4,최민우,여,1989-07-03,35,경기 이천시 94길 22
f404dac8-68ac-4d08-b443-a9cff05d4941,박로운,여,1996-03-23,28,경북 안양시 26로 183
71c5247a-6ad1-474a-932c-1a682ae7acc3,조윤성,여,1995-09-08,29,충남 금천구 12로 67
dc1aaa99-a947-4ba4-8390-bc2be3359c45,이은성,남,1996-02-12,28,전남 강서구 60로 27
83efae76-cfcc-400d-8f31-6259c7d1107b,김예준,남,1980-10-03,44,경기 강남구 49로 80
e1eebb59-af3b-4305-ba1c-801404d77206,최지후,여,1990-06-13,34,충남 금천구 29로 104
f4e5db34-fbf6-4168-874d-2b5dc496c258,조도하,여,1995-06-24,29,제주 강동구 57로 173
54a5252b-bbf4-4026-b6ba-edb78236bb68,김도윤,여,2009-04-07,15,부산 동래구 20길 157
3f512c9a-3b50-4cac-90d7-590e58306444,윤승우,남,1984-06-11,40,제주 용산구 38길 71
60f98baa-3d57-402c-9f5d-0bb9846c6dec,정민규,여,1980-12-19,44,강원 용인시 9로 106
0472f3c0-fe52-4e7e-bbf4-ae52d0860aab,최민혁,여,1997-03-27,27,울산 연천군 11로 129
a56dcddf-ad7c-4fe9-8003-1dbe1b5ae69d,강준희,남,1998-07-02,26,강원 여주시 70로 57
843f52c3-ab59-4313-9afe-9ff8c8822a66,정수호,여,1990-05-01,34,경기 동작구 96로 150
c25d9b91-3ef1-4ac9-b84a-9e2e27b4c14c,임준우,여,2003-01-22,21,대전 동두천시 29길 170
898d8c05-497a-4f90-aea0-51a51488b619,장시원,여,2005-09-02,19,부산 광명시 4길 39
634b68a3-7c16-4c6a-9287-4784e425f5d2,김지우,여,2003-01-25,21,충남 강북구 59로 105
9ba812b0-7fd0-4641-be53-72c62196ee69,장건우,여,1988-07-08,36,경기 수원시 41길 199
ef85c810-58f1-4af7-a587-aca2133a85ac,정다온,남,1996-06-25,28,울산 화성시 44로 73
a7dd7c63-684b-4783-9bd4-cf7b00946123,강지후,여,1986-02-16,38,부산 양주시 45로 45
d0b99090-5665-4844-ba6e-9ade94fcbf90,임은우,여,1992-02-27,32,서울 광주시 66길 64
ee1223d7-6391-4b87-af55-a24e5fc03b2a,최이안,여,1981-05-21,43,충북 강서구 31길 62
7f424cc4-ae78-4eea-b20d-45171aff0301,윤다온,남,2002-06-23,22,충북 군포시 91길 200
aa6a3ddd-4e82-4957-bd9c-6a12448d0c4e,김민찬,여,1986-06-07,38,광주 관악구 77로 27
c3c794c2-0a29-4a59-8409-bda3258b1cc1,임준영,남,2004-05-22,20,인천 구로구 91로 74
178c4cef-82e3-4920-a07e-8a41e6c3d40d,이민찬,남,1980-10-24,44,서울 시흥시 67로 53
22c4f275-daff-4958-9569-890b8e0f36c2,박도현,남,1990-03-13,34,세종 은평구 79길 149
0b5cbb91-60d5-4d70-a11b-85b1949516e7,강현서,여,2002-02-24,22,강원 강동구 59길 197
94680f59-be25-447d-939f-8918b461f111,정규민,여,1980-04-12,44,전남 기장군 58길 170
d1b499bd-dae1-4f8b-b8dc-a144c1340f4d,임하민,남,1983-04-03,41,부산 광명시 72로 194
de824fa1-0337-4711-9259-c206bd7dfe9f,정서진,남,1988-06-26,36,세종 의왕시 90로 124
e63a3a71-17b4-4678-a8dc-a717a2bf6f57,정민성,남,2003-08-12,21,전북 용인시 52길 49
6b9691f7-da82-4b8f-aacf-4135b721857d,이준영,여,1998-04-24,26,울산 영등포구 92길 91
66b372bd-1161-4ac5-921e-ae6692c60fe3,박민우,남,1993-01-25,31,서울 영등포구 48길 11
303e5227-8592-43b1-9506-6aab11bb99e3,임윤우,남,1980-01-01,44,경기 노원구 33길 67
3fde5daa-8be3-4955-96b6-9cbf2d3ede1a,강재윤,남,2007-08-16,17,제주 양평군 10길 103
b1a2b747-11a5-49e5-ba17-123c0ca9f417,임우진,남,1983-02-05,41,전남 광진구 33로 155
8b725970-b99d-40aa-b953-69b08228b382,윤은찬,여,2001-08-11,23,충북 중랑구 10길 42
6de823c8-02cf-4076-8291-1047bcf76239,박윤성,남,1998-11-05,26,경북 북구 63로 96
52f4b33c-3403-49df-bbd3-8487fe68b406,김윤성,남,1987-12-15,37,서울 영등포구 88로 65
8b194214-4f9a-4451-9052-0cee76481f35,김지율,남,1997-11-13,27,부산 수원시 27길 25
8f42e485-3b81-4fd6-ad50-68663a8601e1,김이현,여,2000-04-28,24,대구 기장군 77길 49
be4edc76-0cee-40aa-abb2-63463b005c25,박시현,여,2001-01-21,23,부산 용산구 95길 47
efbe70cc-2ce1-42d2-afa9-55e4df57ebeb,장재민,여,1998-04-06,26,인천 동대문구 93로 172
04c0525f-ce45-4fe0-9f8e-e17103a9ad26,강지훈,여,1997-04-12,27,충남 양주시 68로 189
f016988c-f123-4079-874b-4aba4030cfa3,조수호,남,2005-10-06,19,대전 의왕시 36길 120
9d120721-6bcc-4f27-9505-63fd6ce42d7f,김승현,남,1994-01-13,30,대구 용인시 40로 37
74f1bc69-7520-4b74-beb4-4438072ffb86,정태민,여,2003-05-22,21,부산 오산시 32길 60
f18a2f8b-d48c-4658-87aa-eb25918d0825,박지안,여,1987-06-01,37,인천 금천구 64길 156
b381f08c-d50c-439d-a7e7-957b5ff7faba,강태민,남,1987-12-07,37,세종 은평구 17길 193
f7cebbd8-a7a9-4bcc-a90e-4d5fc9743742,김시윤,여,2000-05-16,24,세종 광진구 28로 146
173acf2e-7d93-4f71-9ccf-3d62b8c7449f,최성현,여,2005-03-22,19,제주 가평군 87길 78
65d3630b-9813-49e1-b8fc-702090e99e37,장지안,여,2009-07-22,15,세종 시흥시 22길 20
faeeb0e6-5bfb-4da0-8933-1ae75dcbbc54,김우진,남,1993-11-20,31,전북 포천시 76길 121
e9b6fdfd-dcff-46ea-a9cc-138e3112d3a3,윤하진,여,2000-08-28,24,경기 포천시 17길 145
3b8407b1-efe3-4359-921c-fad242b15138,조수현,남,1981-03-27,43,부산 의왕시 43로 173
043598d9-ec1a-458d-a94d-babf13f145b8,장승준,여,2004-10-14,20,전북 양주시 55로 112
47ee52fd-6d5b-43df-ad0d-f517466f992a,김도하,남,1991-05-28,33,서울 과천시 96길 75
e68763ae-c8b1-4e87-8127-b34b32dcee33,임준우,남,1987-03-10,37,대구 은평구 35길 9
e1e39868-76b0-43dc-91f4-3fe8cf9ea218,정민혁,여,1997-05-05,27,전북 은평구 1길 47
3da46a75-9d4a-4ba7-a275-dacf46eb820b,윤태양,남,2001-01-12,23,전북 양천구 46로 7
9826e603-a624-4ff7-9d35-706e27d4090a,박하율,여,1982-01-03,42,인천 양주시 16길 41
8c67bd8d-eb38-44f6-94b7-0a391c428414,윤서우,남,1988-10-26,36,울산 하남시 20로 116
30de42dd-ddaa-4adb-abfa-d19bdb24a7b6,김정민,남,1988-10-28,36,경북 동래구 47길 145
a3806561-2052-4b59-9c3d-d33b17c3f9bd,윤준혁,남,1996-02-25,28,울산 부천시 51길 60
7de0bdd5-7447-4c7a-bf7e-e19201d0439d,장시온,남,1989-11-18,35,강원 양평군 38길 8
12238020-a144-4980-89cb-9a3afa9d6999,김도하,여,2000-10-19,24,충남 관악구 96로 48
11dba5bd-f3ca-4593-a2cc-6ceafadbb4ab,장도훈,남,1994-10-02,30,광주 은평구 23길 62
ce781888-8efb-40aa-92e3-f54fea01bf4e,임건우,여,2002-09-19,22,광주 용인시 43로 160
7220cb44-f475-4339-a5e9-84d117369471,이준혁,남,1989-12-28,35,경북 서구 71로 113
ed3effc4-333e-4e4f-a478-758133c65319,임준서,여,1997-05-17,27,충남 고양시 44길 36
ecbd2a89-b600-4803-a49a-eba0c01d1974,조우주,여,1980-08-02,44,충북 안양시 2길 51
9a7bcd41-5b66-4ffd-ad5d-2a8fcb37fd36,박도현,남,1998-07-26,26,경북 포천시 98길 110
8150bae8-a637-4166-bfca-52006bfe01c3,최지환,남,1989-05-26,35,대전 광주시 93길 114
36811a91-3e0f-4fbf-91bb-c90b3ff85f92,박준우,남,1986-08-09,38,충북 서구 63길 52
0ac17ea7-9e18-4647-9b3f-da173d432a05,강하민,여,1994-12-23,30,광주 기장군 85길 51
b9ec1ab8-541e-410d-b0ce-0149222b10ad,최하람,남,2008-10-23,16,강원 영등포구 91길 171
501ae462-7d2f-46b4-9e96-faef032d8c99,박지훈,여,1981-10-23,43,충남 사하구 17길 54
de8e791b-7b45-4548-8823-94350c076eb9,김준호,남,1986-08-14,38,인천 금정구 62로 139
59a52719-858e-478c-8489-a598174032db,이준희,여,2008-08-24,16,전남 광진구 75로 36
c6507bbc-e1a5-4ab7-b4e2-bd4cee93f891,장지안,여,1986-05-27,38,울산 양천구 36로 49
ca866ccb-c53c-468a-8a9e-9cfe02292868,윤도하,남,2000-05-08,24,광주 의정부시 56길 132
b0186a36-e5fe-409d-827b-c3ad6ab56666,윤시원,여,1998-06-02,26,제주 안성시 22로 190
998d32e5-8de1-44de-b399-b203404b34aa,조우주,남,2004-11-25,20,울산 안양시 29길 75
f5fd7e2f-bbe3-4923-b459-8e8d8db4ef26,강정민,남,2010-03-01,14,인천 중랑구 23로 98
9d73f80a-8225-4131-8858-ec38a4694953,이성준,여,2001-03-01,23,울산 서구 1길 28
4bd424ee-14a8-48a8-80fe-32d665f9f366,임하진,남,1983-11-03,41,대전 해운대구 67로 158
a13106f6-3dad-488c-881b-397052490052,박지율,남,2006-02-03,18,인천 도봉구 22길 93
26d20566-e8c1-41c0-82dd-ef53ce10e637,박서우,여,1990-05-16,34,경북 성북구 75로 156
cd158cae-3e26-4120-8c85-534c495dab3d,정정민,남,1997-09-11,27,강원 구로구 46로 49
90a1849e-ca7a-46b6-ac6e-cd9f54d2897f,박태민,여,1988-11-04,36,울산 안양시 5길 86
b93e42e8-3d54-49f8-a35a-bbf0b18521ff,임준희,남,2007-08-13,17,울산 서구 67길 159
acf85931-827d-4586-8c5c-a153bb98fe9a,임연우,여,1999-05-14,25,대구 안산시 69로 64
d78679db-6df7-4ca7-9460-b8f8ef54bdb5,강현서,남,2008-05-09,16,부산 남구 95길 76
414e6bcc-6125-4d3b-9b03-98d9dce176ef,김준혁,남,1987-11-11,37,경북 군포시 84로 113
341e9303-dcb8-4bed-b806-bad7967baaed,윤서진,남,2007-02-21,17,대구 가평군 75로 35
2c8891e1-2d3d-4c7c-ab04-60e4f486e882,박지후,여,1998-09-19,26,전북 연제구 97로 145
c685fd28-35a6-452d-958a-72013ec8f663,김시원,여,2008-12-22,16,경기 안성시 9길 176
699d6ae9-28bd-4d93-b571-dc7205a382f3,정성민,여,1991-02-01,33,대구 고양시 50길 110
93ac2748-3d87-43a8-98c7-a12e0a92f39d,김정민,여,1993-02-09,31,인천 금천구 32로 79
3ca595e4-88d2-4e99-8a3d-3d9bdb4be106,강수호,여,1993-07-10,31,세종 군포시 68로 37
e7e7cd7c-d0ff-42ca-bd46-f90e319336e2,정규민,여,2000-02-17,24,경북 관악구 92로 184
b56e9f34-d19f-4350-ada8-3fef593471e2,이주안,여,1996-05-04,28,전남 사하구 47길 120
fe2278d2-d40d-4ddc-8111-6ff8db23c4e1,박지후,여,1988-11-20,36,인천 동래구 20로 198
f3e89960-adb3-44bd-89e6-e5802ceed8d5,임재현,남,2004-06-24,20,인천 북구 100길 102
c4fc27d5-f42e-4985-9023-4d6f1cf4747d,김태윤,남,1997-08-20,27,대구 사하구 4로 32
afa88c92-40c2-462d-9ed0-2db45ce84c6c,이준희,여,1985-09-02,39,충남 동대문구 6로 183
c14e95c5-1eeb-497a-bbdf-a71b75cd7ee9,정준희,남,1983-04-19,41,울산 포천시 86로 27
70eb2d68-66dc-486f-b482-63a04c560eb7,임성민,여,1997-07-06,27,대구 남양주시 40로 126
cf673da6-58fc-4e33-839a-19b79b0e29fe,정하준,남,1983-08-04,41,인천 부산진구 45길 156
c083488c-0ae6-464d-8a2b-1f71f0cd7919,임준우,여,2009-12-16,15,경기 양천구 41길 124
edbe457d-ea1c-48aa-a403-0192d32b773f,이윤우,여,1983-08-19,41,대전 마포구 23로 176
6ee6b2a0-3085-46ad-af12-c8017fe9b443,김재현,남,2004-04-21,20,강원 안산시 99길 120
59f1a6f8-7b6c-4011-b82f-6493364aa7a2,윤승현,여,1995-08-23,29,서울 양평군 22로 154
ba6b8ca9-4a16-4eac-877f-ee24006a8a8f,임지훈,여,1993-06-23,31,제주 용인시 19로 55
ecf85b38-6d86-4653-929e-abe35250731d,조승우,여,1986-02-27,38,대구 중구 93길 178
8a36d3e9-a0fb-4934-9da0-f30e2627aa05,강민성,여,1998-08-23,26,경기 안산시 46로 193
a80bb27c-c8f1-425e-8b65-5ee1f591a4c2,최민호,남,2009-09-27,15,전남 강서구 30길 85
73c6af97-d349-4dbb-90b0-9c33fb06f711,임승준,여,1994-04-15,30,경기 동대문구 25로 181
11d77ed2-ac58-4959-bd1b-556f2b8a215c,강준호,여,2000-07-04,24,충남 구로구 89로 60
4a7181be-5549-4d6d-8a8e-be4053819b40,박현우,남,2009-08-28,15,충북 마포구 70로 90
921a47a5-0c83-4178-b086-7f8b2b5c05a1,최지율,여,2006-06-27,18,강원 동두천시 96길 87
44fccb93-dceb-461b-9a24-c09788b3b108,장서우,여,1983-07-23,41,부산 동대문구 89길 194
1c7b2952-8c5a-453b-a1f1-fb3f90453f61,임지율,여,2009-09-21,15,전남 송파구 13길 118
371fd8b6-45b3-4595-9d53-42507693ebbe,박지한,남,1995-05-09,29,강원 광주시 37로 117
01b075d0-b5cd-4733-8317-29ee81852c8a,임다온,여,1980-08-27,44,부산 중구 73로 170
6cec5d8c-e2d5-4e05-ac4f-bda294495a72,윤이안,여,1995-09-24,29,대구 광명시 64로 33
59fe1969-3cb7-4d5d-85b9-d9a337a9b614,최시원,남,2008-08-18,16,부산 사하구 93길 118
48013474-3142-431b-ab2f-b4fb3f36ddfb,이우주,여,2005-01-28,19,전북 도봉구 2로 61
fe4e0cee-0a7e-4f48-a37f-61a2909a3d06,장태양,여,1988-03-24,36,제주 김포시 87로 39
6195ef5b-44b4-4064-b7ba-640f7707acfc,조민우,여,1993-07-22,31,세종 중구 73길 181
501addb8-18fa-4815-b05e-4d99b05cac2b,박민혁,여,1985-05-13,39,충북 여주시 42길 32
6bace5b0-f326-4e82-bb9d-c6cbfe464858,이시후,남,2003-11-01,21,인천 오산시 11로 87
fa70dfae-2acc-43cc-a623-a6c0c9bb696f,정시온,여,2002-08-16,22,인천 과천시 26로 13
1380392f-b53a-4aa5-ad0c-4ea90db4efd3,정정우,남,1993-03-05,31,광주 서구 75로 17
926b2148-c568-441e-a6cb-300551456640,최태윤,여,1988-06-12,36,인천 남구 14길 18
75307874-3eef-4128-909f-9e0b461746fa,정성준,남,1993-05-17,31,인천 수영구 16길 90
91ffeb95-8ef7-4f32-9716-e582385cfc0d,정준서,남,2007-12-12,17,광주 노원구 64길 111
bb5ec2c6-e966-4b51-95c5-7348e0dd1bfe,장도하,남,1996-01-02,28,세종 서초구 41로 73
468b6fba-52cd-4a40-9d1b-775ac28b34da,정성현,남,1983-02-12,41,부산 이천시 47길 86
f83fc5d4-196a-4b77-b5c5-3d4ed7cdb4d1,이선우,남,1982-02-26,42,부산 남양주시 53로 62
a880e30f-e0a2-4d96-98a0-aa09fb298cc5,정지우,남,2000-07-18,24,강원 사상구 51로 150
143d6752-1965-4655-90d1-81325d546736,임현우,남,1983-08-05,41,인천 가평군 23길 153
27a47183-5b9a-4f61-ab0e-fbcff7988a4c,정주안,남,1990-06-22,34,경북 동대문구 54길 193
cbbd2a55-ba19-4e58-bd04-0b66edd32c08,이이현,여,1999-09-07,25,대전 관악구 7길 50
daae446e-0e72-4121-a2b8-2fc72e9d049a,정승준,남,2003-11-04,21,광주 광진구 9길 6
82109f76-236c-4fbc-a020-2689f86384a3,정윤우,여,2008-01-02,16,강원 수영구 71길 97
0a180f9d-d504-4b51-891c-8fd85408b8dc,윤은우,여,2006-01-09,18,전남 기장군 34길 90
ba0607fd-1927-47c8-85a1-ec2c465e686a,정승우,남,1989-01-01,35,울산 과천시 34길 86
29b401c3-8311-4b51-8f11-7f2105aa09fa,임은우,남,1987-03-24,37,부산 부산진구 59로 196
6062f823-bef8-41cd-a1dc-0283dc540b04,장지한,남,1993-01-18,31,충북 사하구 43로 4
be74b3b7-73ef-4073-b7fc-02798cd756de,이선우,남,1981-03-05,43,강원 강동구 90길 195
0d86c18a-ea1a-4e60-87c3-7d9b95f24dc7,김서준,여,2004-12-13,20,광주 구로구 87길 68
05436f0a-aa4e-4d21-b0c4-643ec554eaad,박하민,남,1992-12-16,32,대구 파주시 18길 1
31c6d9aa-6e77-4af0-999a-4d874d2524ff,박시후,여,1997-02-18,27,대구 관악구 53길 180
5c16d3bd-bfb8-4082-8483-0efcb76842f5,조태윤,여,2002-09-13,22,서울 부천시 78길 118
55aa8a34-d6dc-4c36-bcda-e17e02c80ca0,윤태현,남,1988-07-01,36,울산 양평군 96길 104
d9e7eece-40d2-4116-86b9-2779d75005d4,김재민,여,1984-08-04,40,경북 의정부시 76로 14
58440834-06b6-4470-b8f7-d639a82ee7ac,김우진,남,2009-04-10,15,대전 시흥시 81로 185
cb08f793-1d1b-43c9-9dca-0f3d45a66ae7,임태양,남,1991-09-14,33,충북 군포시 80길 35
b7f1a0bf-7634-4793-8578-04ce54123d34,최예찬,남,2005-06-13,19,경기 양주시 3로 17
70a4571e-a981-4185-a216-726dc353078b,이하민,여,2009-04-04,15,경기 용산구 15로 130
58e88f89-3bdf-4241-ac43-2ee7b17d7498,장재민,남,1982-08-18,42,인천 성동구 95로 192
561555bd-d988-4a79-b6a4-39a5903e2e73,최현준,여,2002-10-01,22,경북 동래구 80길 82
7eb6bc3c-55c6-47a2-b48a-e2da63e6c1b7,임민준,여,1992-02-19,32,전남 강남구 75로 156
4b511124-c1b9-4c17-b758-7ea46cc727d2,조은호,여,1988-01-21,36,전남 시흥시 48로 172
9d1dc637-9d21-4757-a85d-afcc67917a3f,박이현,남,2002-12-26,22,경기 동작구 88길 129
2b85219a-7f50-463d-b929-fdb987b7dc54,강준영,여,1986-05-14,38,경기 남양주시 96길 119
a40c5f95-e7dc-4a81-ae15-078cff90cc71,장도훈,남,1994-02-20,30,세종 평택시 90길 66
34cc6445-fb13-4802-9f53-0dbe512d5930,이우빈,남,2006-12-20,18,전남 영도구 66길 75
da299ab6-ad3d-4477-9df1-e1e3f2bf7f97,정지우,여,1994-10-10,30,대전 중랑구 42로 175
6865d343-74d7-4329-9ac6-89acc7bd8f78,김우빈,남,1986-01-21,38,충북 용인시 84길 7
1f8f662b-5261-4fe4-9fec-68ef1ed9f47e,이민혁,여,2005-10-27,19,대구 시흥시 50길 74
bc432b0d-e58c-4a0a-bafb-4d6bebb9fb36,정은찬,남,1997-12-22,27,서울 은평구 60로 60
83055c99-aada-482a-bedf-1f1210980a48,임유찬,남,2005-12-10,19,인천 금천구 17길 23
1abc0c7e-5b54-4828-8b9d-eac59d7de9b1,윤민우,여,1983-02-08,41,인천 동래구 73로 15
475d272e-baf0-4a4d-9637-692b9b9e16b2,정지훈,여,1998-03-21,26,경북 군포시 44길 144
f80ff43b-86bc-4aa1-a7c9-14dca847df2d,정지한,남,2002-10-11,22,제주 강동구 21로 1
5aed0fa2-5726-46b7-a7bb-9f9a20244f26,조지민,남,2008-06-13,16,경기 시흥시 15로 22
0870cdbd-0d93-4e1a-92ac-d1a76a668a95,김건우,남,2009-12-23,15,광주 고양시 66길 160
0813d4e9-a060-488b-a668-2c6d11156aaa,장성현,여,2001-08-17,23,충남 고양시 37로 7
b5fba0bc-3b88-47a6-b786-61f427c650c9,이윤호,여,1994-08-10,30,서울 하남시 32길 181
fe159e55-6349-4c0f-80d8-418f8f5df56a,장주원,여,2005-01-17,19,인천 북구 2로 173
62c0cd07-9520-4283-a868-fb331a19cb85,장예성,여,1987-07-22,37,경북 남구 59로 36
d1f18386-eade-44d9-8b0a-5bf300404538,김지호,남,1986-08-19,38,인천 남구 47길 144
2db00191-3eed-454d-9469-daba7e1689c4,이이안,여,1996-05-24,28,제주 연천군 31길 166
4d125284-8b27-42e8-8d21-8e22c2f394fd,윤지호,남,1998-11-14,26,광주 양평군 55길 79
0d86f682-be60-41a1-ae5b-880a66a9dbff,정민성,남,1996-01-07,28,충남 동구 18길 196
99a3d282-b695-45c3-836f-b9f9ddf298bc,강하민,여,1987-12-13,37,경기 마포구 20로 112
2f3e6c72-9e5f-43ef-8c73-9a45c60f00af,장민준,여,1995-12-25,29,세종 해운대구 49길 140
dd869f0c-d2f6-4864-8770-c4644936a165,이준영,여,1991-04-25,33,경기 중랑구 54로 42
758a225f-b8e0-4b62-93a4-31f59cfc41b8,이현우,남,2007-06-06,17,울산 연제구 4로 177
fdcf6dc3-cf27-40c9-8c73-5eeeb1d75989,이성민,남,2000-01-07,24,광주 동작구 59길 110
6d3b9554-c2b3-43bd-b7e4-7d4a6646f5c4,임재민,남,1997-03-12,27,대구 영등포구 32길 130
decc8a03-d1f2-456b-9e0c-e2a171fad643,정지율,남,1997-06-05,27,충북 여주시 43길 173
04ac0886-f335-4081-91fa-c57dc0146c99,박시원,남,1988-01-26,36,제주 양주시 39길 2
fa87ce43-18be-4b57-ba54-356ddde1d7b0,박동현,남,1995-06-25,29,서울 용산구 1로 98
d406a8f2-fdc6-4b2c-9551-e4e0ec89dea5,김이준,여,2007-04-03,17,대전 안양시 79로 64
285b7a2e-6531-4df6-8eb8-452af2474fa8,이도현,여,1996-02-18,28,전북 영등포구 93길 193
1f493212-4b30-4d16-a3cf-fbf36c107f36,박이안,여,2004-06-16,20,서울 의왕시 12길 140
b2da1445-ca3c-4a02-8db2-b5a67afdc38b,조승준,남,1986-10-22,38,울산 도봉구 94로 172
48ec8c5f-c92a-4f8a-91da-7a09500e5159,박은성,여,1984-08-23,40,서울 구리시 55로 183
984abaf5-0cb2-4e49-a0ad-544a53368d1b,최태양,여,1989-09-28,35,제주 하남시 60로 8
50242f22-ec3a-41d3-b323-9a07dda62b68,정도훈,남,2002-10-06,22,제주 성남시 23길 133
30d67ba1-2a9e-4c4d-abca-ce224507f9c9,임서우,남,1984-11-27,40,충북 강서구 11길 21
8e405b0a-c13e-49fb-a744-26f052edca9f,윤지율,여,1996-04-14,28,제주 동두천시 36길 21
0fd917af-3c99-4e4c-bc29-4b017059fafa,최지민,남,1998-04-15,26,대구 남양주시 91로 199
ed2e3f83-047d-4eb0-b293-af30ad7711c5,김이현,남,1994-04-03,30,부산 성남시 96로 32
ff3f9cee-5da0-4f7f-85a0-9afbd05d9ada,정지율,남,1988-03-28,36,울산 광진구 36길 145
b6fd01c1-724f-4f07-8539-d3d1593e4c5e,강이현,남,1982-09-21,42,충남 하남시 17로 133
a3ccc0d6-de3c-4310-a263-3ebdf48c9113,정지원,여,1999-07-07,25,전북 안양시 79길 62
b568c49b-ea38-4883-b780-5073e0941b75,정유준,남,1988-12-05,36,대전 도봉구 87길 21
522d4ef1-84bc-497d-a61e-82d72eec2873,임태민,여,1985-10-13,39,울산 구리시 45길 171
32ec880a-cbec-4850-b43a-1ea9d4b48424,강유준,여,2008-02-11,16,제주 사하구 56로 153
972a5933-a6e2-4093-89d3-99a69ad7a749,이도윤,남,2003-11-04,21,전북 안산시 26길 22
24bf1560-045c-4e8f-bf5a-eaed8e60b136,조민준,남,1992-07-21,32,대전 구로구 93길 61
b0ad143d-9793-4df6-b3af-f069a6566d93,강지원,남,1999-12-11,25,경기 서구 83로 75
5c277fc7-a9a4-4b69-a23a-624814f30ef8,강재윤,여,2009-08-23,15,세종 수영구 5로 136
ffd4ac2f-8576-4f73-84a1-baa6c12d07d0,임예성,여,2000-02-08,24,인천 연제구 87로 23
021c7c71-10ce-4983-a962-6b215755f993,박지율,남,1991-10-07,33,충남 영도구 18로 161
9406f93f-1536-488d-82d3-f07cbbe41524,윤준호,여,1998-03-28,26,경기 해운대구 3로 111
9338ad08-7b50-4338-9b37-cbb07dbd0020,장민혁,남,2004-09-23,20,전남 도봉구 80길 22
08637433-5fba-4859-ae42-648b72e1fc83,박이현,여,1990-08-25,34,세종 강남구 42로 129
9322e9a2-cef1-43fb-b89f-03ad0e1ca2da,박도윤,여,2009-05-03,15,경기 양주시 20로 126
9dd6e06e-9842-47a6-ad45-08a43046dd6f,장재현,여,1983-07-14,41,충남 영등포구 47길 165
400eef02-bb8d-4a85-9226-c564813a7a90,장지안,남,1998-11-25,26,전북 영등포구 91길 150
d071b9ad-4a32-438d-a8f2-ff4004ee28bd,박우주,남,1982-01-11,42,대구 동작구 55로 3
2f4a7e3c-91d1-4644-a940-a56348cecb4b,윤선우,여,2001-03-03,23,경북 광진구 76로 60
2871a26d-dae3-4f4c-8c65-57f551ee7043,임은찬,여,2006-05-12,18,대구 강북구 33로 161
5c68f080-e9d7-439e-bad9-80fad214640f,조시온,남,2001-01-11,23,대전 은평구 93길 193
f31e110b-9934-46ac-835b-6b257fef8b24,최시후,남,1991-12-08,33,전북 남구 77로 94
9f6d9726-b9c4-41c1-8e3e-2332511b4ee8,박이안,남,1995-09-15,29,경기 성북구 4로 27
4f1783d7-523f-4fc8-bcaa-77807f91a769,김서준,남,1981-02-26,43,광주 양천구 78길 80
492536c9-4322-43bf-80f9-e2d77a7f3d08,이서진,여,1982-03-16,42,제주 화성시 61길 90
5c039ef8-f806-472c-a6b4-79382a7a3f9d,강재원,여,2009-02-09,15,서울 포천시 20로 51
fddb7708-c8a2-4855-b3f2-d20d2a7dbcc7,최민재,여,1989-05-26,35,경기 구로구 98로 198
40df814d-2db8-4d62-b49e-191eef044947,윤승현,여,1998-06-18,26,인천 강동구 2길 40
5bb27b21-bdc1-4747-b67e-61bfe90bb9d2,이지원,남,1997-08-18,27,충남 노원구 56길 176
2378f6c6-fb84-4884-b9c2-16ea923581d5,조지민,남,1984-12-01,40,강원 송파구 41길 108
08117631-77b0-4728-b462-e7933f01fbb8,김승현,여,2003-07-27,21,대전 포천시 38로 71
c8915193-ef31-4067-b041-b39db470bb68,장수현,여,2006-07-24,18,대전 의정부시 17길 80
7fe10f08-8462-40f8-ad10-1458aa761409,강우주,남,2009-05-21,15,전북 과천시 55로 24
ab39e1ba-93ff-4d02-9222-90d490c0762e,조시우,남,1989-05-28,35,대전 사하구 85로 168
cc5c94ea-3ee4-424e-b078-8ccb7a9f4b90,박승준,남,1999-07-10,25,제주 해운대구 38로 76
0afba46f-18cc-4b14-baa6-a3613a70782a,박지환,남,1982-10-15,42,경기 파주시 23길 14
38cee266-eb84-40b4-8eaa-727b8c240a1b,최성현,여,2010-12-12,14,전북 고양시 25길 130
4dc11aff-d996-4f94-863c-75400a98f2ee,임로운,여,1988-10-25,36,부산 안산시 59로 8
c9f6de9b-2676-456d-8073-473adc1c513d,강서진,남,1986-12-10,38,전북 동대문구 7길 186
4c6793e6-1216-4e45-be3d-4cb729dbf3c9,최예준,여,1989-02-16,35,서울 동대문구 24길 165
0566ddb5-fe2d-4b83-bc9c-1e7f06427a6d,정도하,여,2001-01-12,23,강원 용인시 42로 173
1c187342-d2b4-42ca-b7b2-13a37d707543,정준수,여,1995-11-14,29,전북 도봉구 74로 189
3100157b-6910-426f-af7d-dbc7806326ab,임승현,남,1986-04-04,38,충남 용인시 37길 2
65b1bc65-e386-4221-ae35-5a24563c1485,이하진,남,1982-04-14,42,강원 강서구 61로 14
89607d2e-af02-4e77-b499-705f13440ae3,정하율,여,1995-02-05,29,대구 금천구 29길 180
7c230c22-9715-46d1-9775-eb80449ef98b,장민호,여,1986-08-25,38,경북 양천구 7길 99
c81198fd-07cd-4e3d-a2a7-0cfa7eae7d71,강민재,남,1994-10-16,30,부산 강동구 66길 89
010f96b5-83cb-4898-9ae0-ad801269c5b9,장준영,남,2009-06-15,15,세종 중랑구 5로 150
917d1034-0c77-4d97-a187-e7bd8ed23c2d,박승준,남,1997-07-27,27,인천 수원시 64로 124
657842cd-2472-48b9-b783-356356672b83,이윤재,남,2006-06-01,18,제주 광명시 93길 161
a9b78384-b3f6-46c4-952b-964465120c27,조은찬,남,1989-02-07,35,강원 김포시 6로 193
46e766c0-d2e8-4b43-926d-74156ca7bb02,윤민혁,남,2000-06-22,24,강원 김포시 77로 98
b6f6296a-de76-450e-a644-0280a3ad9a5e,박주안,남,2004-06-22,20,서울 서초구 17로 32
dd9bb7e3-81ed-4d70-8c23-55d61c9d2809,조유준,여,1983-07-13,41,제주 중구 46로 146
023c5737-0e2c-4d22-8b8a-8faf96f6e250,최민규,여,2005-05-13,19,전남 용인시 91로 73
357582fd-7ef0-41ec-867c-1b834a8fb38f,김도현,남,2006-04-13,18,제주 성북구 43길 89
76021fc6-a106-4c5f-bc59-0edd30293b76,이예준,남,1983-02-25,41,충남 의왕시 51로 121
31aec63d-0d07-4cac-9a73-be9174321f75,최도윤,여,2008-04-02,16,충북 성동구 66로 147
ebf0f42a-d5bd-4a32-aefd-8dfe3f6ac41b,최태양,여,2010-07-27,14,서울 용산구 41길 3
d705186e-9ea3-449f-a044-dee0adc2b0c3,김윤성,남,2008-10-24,16,광주 군포시 31로 6
ce87a2a6-64c1-48a6-b7ae-3ddb277bcb97,정승우,여,2007-02-12,17,강원 의왕시 67로 73
619ec053-659e-4208-a210-48e96646ab6b,박예찬,남,2004-02-08,20,대구 성북구 27로 97
5d6cdea2-52a1-44d8-b8ef-9109d9843b74,김시우,남,2010-08-05,14,경기 부산진구 66길 147
58d0b6f6-e044-44dd-bf2c-beb41a516bbd,이승민,여,2007-01-27,17,강원 연천군 96로 142
cb069f31-7638-4c67-9a5b-f3003948dac9,임로운,여,2000-02-27,24,인천 남양주시 93길 109
fa7e90eb-3522-4761-9717-4606f961e550,박시원,여,1998-06-27,26,대구 가평군 22로 12
7cb29104-3c79-445d-944a-c8eb9a4ff7f0,윤다온,남,1995-01-28,29,경기 광진구 8길 56
cfc447de-be7c-4091-bf9b-742e6a7bd72c,최태민,여,2003-11-10,21,인천 가평군 97로 124
9189a4ca-ae2e-46a0-9566-fdf8547bf534,정성현,여,1986-04-22,38,강원 연제구 100로 17
fb7e8307-78b3-4b52-af2b-80b0c2388eb3,박윤성,여,2000-05-08,24,충북 은평구 74길 75
546af18f-1ccd-4603-9050-f7ae1a7eaa57,조지안,남,1994-02-09,30,광주 광진구 46길 185
30971281-fa1e-4aee-8108-c134fe43af14,장서준,남,2010-05-17,14,충남 북구 14길 150
e63266bd-52a1-4d02-a061-5f22a15acd8b,조준혁,남,1992-04-14,32,부산 안성시 93길 52
76268f85-4574-4425-820e-97cbb767d021,윤로운,남,1990-07-23,34,세종 중구 37길 80
dfd8bc75-305d-4c6d-a8fa-271ba815b7df,최태윤,여,1997-04-18,27,충북 김포시 16로 177
41a7476b-4c15-4b35-9ab1-478ecbcae3f5,최성민,여,2007-06-28,17,제주 중구 25길 133
cc0f5665-e3a4-4e7e-b6b8-b67784f07ed1,최정민,남,1992-02-18,32,경북 강동구 55길 55
efebed69-8239-4aaf-813b-813db68765d4,장윤성,여,1986-03-06,38,경기 동래구 69길 107
885004cb-f512-4320-824a-09757a01f8e5,강우빈,여,2002-12-27,22,전북 고양시 7길 103
d90b8f57-7ac6-407a-83e0-50b04e0af58d,이지호,여,2003-07-01,21,제주 군포시 1길 104
c5ffb120-038f-4bd5-be71-de2b1649fa0a,조준혁,남,1989-11-15,35,대전 수영구 83로 84
30d82b2b-3d94-464d-b413-db87c92a08c9,최하람,여,1985-03-05,39,충북 연제구 94로 182
d76dce27-83a2-4867-b8e6-3c70bcf4208f,최주안,여,2002-05-21,22,인천 시흥시 4로 14
75c0ea4c-2889-4821-b86e-f78931347dc9,김건우,남,1989-11-25,35,전북 종로구 92길 121
93fb47f9-ccb3-432c-ab83-23a174652a17,장이안,여,1999-07-24,25,경기 김포시 83로 158
b0167da4-7694-407e-8403-0fcd63805f65,장시우,남,2010-02-20,14,울산 가평군 40길 65
23e4a05a-b1cc-4131-9ba5-8d0ef73498e0,임민혁,남,2005-05-04,19,서울 남구 42로 166
8c9371f5-ebab-460f-827a-1966c1794d7e,박지훈,여,1984-07-27,40,제주 고양시 90길 193
43f9bbc9-8a3d-4a66-956d-da3010862782,윤윤우,남,1984-04-08,40,경북 성남시 36길 103
d6cd24b8-7142-481a-a770-be1035a541cd,윤윤재,남,1988-07-21,36,대전 관악구 52길 129
07915006-0b61-46fb-a4ce-be681d5d89b9,박태양,남,1980-07-01,44,충북 남구 76로 49
55f7c8a9-9516-4c2f-af98-a24cd298d032,김지호,남,1987-02-01,37,광주 중구 64길 46
991ebc39-f52e-42ac-9dd3-24f59081a38d,정준수,여,2002-10-07,22,경기 고양시 7로 146
64360450-6eb7-4e1a-a7f2-87fd6f1eef99,임현서,남,2002-07-13,22,충남 수원시 78길 182
980d1411-3c4b-4e05-81bd-c26bd5423e9a,임지환,여,1988-12-10,36,전남 송파구 59로 106
ff92bd87-3102-46d0-bde0-f1dd68f2edf2,박지후,남,2006-05-27,18,세종 강서구 42길 101
db287fdb-78fd-4585-8dda-e6e2c81a2c0e,윤준희,남,2008-03-12,16,경기 광주시 68로 162
ba5a3a35-6944-4e3a-aad3-e94774d8a896,김주원,남,2002-10-24,22,서울 동대문구 49길 70
0120ab37-2cbc-4248-bf3d-f74a1ec39a23,강수호,여,1980-05-24,44,대구 하남시 77로 124
62960477-b881-486e-9bb3-d870afac152a,윤서우,여,1997-08-05,27,울산 중구 87길 33
563157d0-ac23-47c0-b30c-7931047d071f,이민우,남,2010-02-06,14,광주 북구 68로 27
2b1f5680-a686-4469-b62b-01feb72c321b,임윤우,여,1992-05-28,32,충남 과천시 63로 157
a94d5ffc-30ae-4023-9d90-2ca590bc5b84,최수현,남,1991-02-24,33,대구 송파구 79길 85
ee17eda0-c298-4d39-bbb0-49f314bc2377,정성현,여,2010-01-24,14,광주 서초구 11로 150
05e527f4-22f5-48c1-ac1f-37e59a7d2060,이유찬,여,2003-05-16,21,인천 과천시 36로 33
8365b3f3-349e-4c69-9f73-4bd71a3814b7,윤하민,여,1984-06-13,40,제주 양주시 97로 175
541bb0fd-17f4-492b-a4c0-01920721d980,강이준,남,2000-09-28,24,강원 노원구 50길 112
a351981e-3022-458a-9f3e-afe9949dfdb3,강시윤,여,1980-06-16,44,대전 영도구 74로 90
7554717f-155b-4f43-a1cf-8bcd1427d73e,박서우,남,2010-02-21,14,충북 중구 48길 139
a6d9527d-3a0c-4651-ac11-d283732dfb5f,최현서,여,1992-02-24,32,대전 금정구 88로 130
adc516a9-1d9e-4aef-afc0-efe5a081f121,정지안,여,2004-06-15,20,대전 성남시 50길 162
f5575983-6ba6-4786-b1c8-01d249dea953,강유찬,여,1986-02-12,38,충남 연제구 28길 156
b3c0e2b4-ffd5-46ff-bc2e-2addcca74017,이주원,남,1988-01-21,36,충남 김포시 33길 68
c0b88db1-750c-4096-bc06-a349756b9e0c,이도현,여,1990-06-25,34,인천 은평구 4로 55
5967ff62-17e0-4715-a531-55895736cf64,조로운,여,2005-12-25,19,인천 중구 39길 76
ea0b36ae-366f-4f95-b843-d898cbf6ede2,장도현,여,2007-03-20,17,경북 동대문구 1길 64
aed6e703-60f4-46ae-b758-c8ece2619241,조하진,남,2007-05-15,17,경북 부천시 20길 24
13460770-c052-4fb0-a413-4fb3360e973b,임수현,여,1991-10-22,33,부산 은평구 69로 19
7cc7d262-5e60-4429-8ea3-766dd1befde8,최지후,남,2006-01-26,18,충북 광주시 82로 149
08f591fc-1b3a-4820-9f33-0e7da4a4c35d,김지호,여,2006-01-12,18,세종 기장군 25길 40
8823ee17-b8c1-4c7d-9ba7-85dfce92fe22,정우진,남,2006-11-17,18,인천 안양시 69길 174
605d7680-a450-4e1a-a1aa-829ff85e15f3,윤지훈,여,1981-04-01,43,충남 구리시 61로 124
c776ffdf-88ee-41b2-805c-6ede4a8844f5,이재원,남,2004-04-21,20,부산 은평구 94로 175
aac73f6f-34dc-41f1-9400-dd92b73d981e,박준우,남,1980-09-03,44,세종 동구 93길 156
0bab6bd3-733c-45b2-8fd3-2f55e8ef754b,김이현,여,1980-04-13,44,대구 연천군 14로 90
e1167c26-0d31-41fa-b2d6-39700718db80,박승민,여,1997-08-28,27,광주 가평군 85길 25
64045377-656a-41e7-9d22-e0f990a41f74,장재현,남,1994-11-28,30,세종 중랑구 76로 198
1955dd52-e34a-4bb7-9291-35fceb2cb8eb,윤건우,남,1980-10-19,44,전남 양평군 97로 77
7f9f91ce-644e-43b1-a5b4-ce1d17c45ead,최지원,남,1988-12-17,36,강원 광진구 95길 6
db1fc92b-6cca-495a-bce2-58417fde32b6,김태민,남,1990-03-15,34,울산 구로구 12길 151
81637a91-a3ac-4048-b85a-8c379ac57ecf,장윤우,여,2007-01-18,17,전북 강북구 20길 105
1e3780f6-a465-41eb-b3fe-2897ef9e41f0,최준수,여,1982-07-11,42,충남 고양시 69로 1
cbd7e12b-13cd-42fd-b2db-41ec7299c3e0,조현서,남,1984-11-04,40,울산 구리시 15길 145
d99116db-7e5e-47f7-b731-582990bb1349,이현준,남,1986-08-07,38,서울 화성시 21길 152
7f707a24-4b42-4a20-a00f-df28e4c7729e,박연우,남,1985-02-24,39,경기 강서구 87로 174
4fa27c89-7b75-4dbc-8138-1d55972a80c5,윤준수,여,2004-02-21,20,대전 광주시 75길 103
9b15e3ff-bc80-473b-9f4e-be907ce8375d,장이준,여,1981-05-15,43,인천 광주시 11로 25
d0e81be8-4fcb-45dd-801e-0649708b79bd,박준서,남,1985-04-07,39,경기 종로구 83로 76
ed2d75f3-7660-4066-b5e7-616fb670e080,임우진,여,1995-06-23,29,강원 성동구 100길 177
230f720a-8d49-45c8-afb9-07904c725d72,강민우,여,1995-08-25,29,강원 부산진구 81로 138
c4eeb7da-98b1-492f-b839-2fadbe45bd6d,임재원,여,1997-08-10,27,세종 안산시 51로 106
9084f2e6-78c0-4871-98ac-a314820418f4,임도훈,여,2008-09-19,16,충남 서구 53길 135
e8cbc93b-0742-425c-8ef9-299368bb9335,장민찬,남,2008-01-22,16,전북 이천시 23길 51
41e8ffcb-ac2b-4006-b303-baeb2f9032d1,조규민,남,2009-08-26,15,울산 해운대구 49로 67
fda03388-3a37-46aa-a394-64bb3b7662ca,장유찬,남,1984-01-09,40,제주 이천시 57길 12
5add2d55-66ce-4298-a464-8ca698f63a7e,장민성,여,2007-03-24,17,전남 북구 26길 74
076a9b40-4dbd-477b-bfad-6451382a0b92,김유준,남,1992-06-19,32,제주 동작구 32길 107
cd00cd7d-271c-4bf0-9233-9edf101504ab,김윤재,여,1998-05-12,26,충북 남구 72로 39
e8117952-217a-4ed6-a0e2-bb13360d278c,윤한결,남,2007-03-22,17,인천 기장군 62길 98
5a68bafd-3f17-41e2-9543-9de88fab77d3,김지환,여,2002-08-20,22,세종 종로구 47로 127
4ee4ed2c-9381-40a1-b3e0-1c83fc17ef8e,조시후,남,1990-09-23,34,인천 파주시 98길 109
c82fd1d1-6c91-478e-8f9c-785dcc00e53d,이도하,여,1983-07-24,41,인천 도봉구 19로 41
3e41564e-daa2-4286-9210-3380f241710a,최우빈,여,1995-07-14,29,세종 강북구 100길 185
7529c3ea-40c1-4a9c-b796-ffc84f434c66,이동현,여,1991-04-01,33,강원 파주시 48길 94
b80cebaa-2988-433a-9494-3e3c76700d13,최은우,여,2008-06-04,16,충북 이천시 14로 2
eab41ba0-d06d-4421-87fd-c5702e892071,최지성,남,2005-11-27,19,전북 영등포구 83로 169
0dd78633-e7cc-4b18-9812-9811c0a01bbf,최유준,여,1982-01-01,42,대전 가평군 70로 48
d8b4cb4d-b7c4-488d-be7c-628a0ef62af2,이이현,남,2001-06-06,23,충남 동두천시 68로 99
cfe15d02-21aa-474e-a516-a55e177e7640,정예성,남,1987-08-25,37,대전 광진구 8로 132
61b6e9cc-e8ab-4d30-9881-97f5de03850f,김은호,남,2009-06-05,15,충남 여주시 79길 147
badc1421-0d76-4be3-8797-748d127a91ec,강준영,남,1989-01-08,35,충북 중구 77길 20
8f373f9e-48c7-43d0-99b9-bab6abb4ffa0,최준수,남,1997-03-25,27,경북 서대문구 84로 66
4b43e20b-4d31-46c1-8154-a8ca94019ff4,윤우진,남,1992-09-28,32,대구 평택시 37로 169
cd1dc8cb-9425-4226-9525-b6d94554fd09,정태윤,여,1991-11-18,33,충남 강남구 33길 200
4abd835d-ab7d-496c-9a7e-960638ba5ce9,정예성,남,1987-02-04,37,대구 동대문구 58길 157
445482a9-32c7-45b7-91ab-348cc9744f10,임우진,여,1989-07-18,35,세종 사상구 75로 154
8776b21c-62e3-40ea-88df-4c0e0e406649,윤준호,여,2005-02-10,19,광주 하남시 29로 98
b3b3c0e7-8e92-4e04-b428-b988bc5d753c,최이안,남,2009-01-21,15,세종 안성시 87길 183
ccbfd7c6-c913-488e-a8f9-ffd8e2cebf09,이서우,남,1980-12-08,44,충북 의왕시 15길 106
89cb917c-c8af-42d0-970b-e2887e494e4b,조승준,여,1987-11-11,37,부산 평택시 30길 79
6b9b3b46-eaba-447b-8e70-9f786397bf30,조윤호,남,1997-04-22,27,충북 강서구 71로 122
fe62cc5c-8efe-425a-83a3-7f122557f297,장지민,남,2002-12-02,22,충남 여주시 60길 20
bde7ddec-c40a-4410-b65e-86d50e80714e,박로운,남,1981-06-23,43,충남 남양주시 48길 122
65805c85-0e9f-4ffa-a29f-d7b0dd87b99d,정정민,여,1988-11-03,36,충북 동작구 43길 43
fcf43ce1-1228-4caa-9c59-84473611a0ce,윤서준,여,1983-11-24,41,대구 하남시 18길 92
3120caf7-fe4c-473b-873f-c37c67a5cd0b,이시윤,남,1980-06-23,44,충북 사하구 63길 112
fc87286a-e7f4-418a-ac0f-019fd4bad676,이윤우,남,1997-04-17,27,강원 은평구 89로 46
b1eb9aad-10da-4d44-b1c7-5693f874567b,장도현,여,1992-08-22,32,인천 양주시 47로 16
cf66e6ad-81ed-411b-ab54-9f2a9758130a,정건우,남,1990-12-13,34,충북 의왕시 62길 191
cd3f2937-06cc-4355-a645-a7fd1bdc7bc1,장정민,남,1992-02-19,32,광주 부산진구 72로 90
dc7adc97-c76f-4255-b5a3-1ca0ad813dc0,최지환,여,1988-02-13,36,경기 도봉구 36로 100
0cc9d99a-1017-427a-aa49-402723618b14,최연우,여,2009-09-09,15,충남 오산시 88로 35
62f5c7c2-8c41-4ad7-bd70-970f75cf8ebe,정지후,남,1984-12-11,40,울산 구리시 10로 32
7b522c4c-577d-428c-841d-42b3624d05df,정준영,남,1998-01-06,26,충북 고양시 84로 10
185554fb-40dd-40e8-a32b-62809be89d1d,최수현,남,2000-05-13,24,충북 마포구 68로 1
d58926d0-809d-479d-ab3e-8cb37cf76be9,조현준,남,1994-08-15,30,제주 북구 90길 26
5876cdfd-3ef0-42a5-bfac-7dc6dadb0ccf,조성민,남,2003-07-21,21,제주 성남시 51길 24
4e0ae5e7-2dc9-4a3e-8e0d-d61c2ef02713,윤은호,여,2003-03-21,21,경북 동작구 4길 52
840db3fd-b9a0-473d-829a-2e04445473a3,조현준,남,2006-07-14,18,충남 사상구 29로 129
17ce12c4-f56f-4fa6-9ba4-091280922f68,이지훈,여,1986-10-11,38,충북 강북구 4로 155
b8e9b272-154b-4751-946f-d54ab194698c,윤준호,남,1992-07-10,32,전남 김포시 89로 162
1ff60962-7ec7-4cbb-ab2d-1e728eb0e84a,조윤호,남,1982-05-14,42,광주 강남구 72로 121
af2f817a-a857-4c46-9853-1049ea8245f7,임건우,남,1999-07-24,25,대구 용인시 81로 16
ac3e474f-4cee-464b-81ae-299676b0ef00,윤준우,여,1981-10-09,43,전남 금천구 17로 152
5c29a40c-732f-4164-998b-f8d898f71205,장주원,남,1981-11-08,43,제주 도봉구 98로 116
195798ca-585a-4f8f-930a-9e7e3c17ef73,강서준,남,1998-10-14,26,충북 강북구 54로 43
d6715408-ae68-495a-ab78-7785848840f4,강준희,여,2002-07-17,22,부산 포천시 87길 31
fdfe9f1e-e00a-4a2a-a00a-896cf0250764,이수호,여,1984-01-14,40,경기 용인시 18로 111
881e59be-bd42-4220-bef2-4650df141228,이현서,여,1990-09-08,34,광주 서초구 79길 66
6336ecd6-91e4-48ea-9453-247889d7b61e,조건우,남,1996-12-02,28,전남 군포시 11로 19
296c6ee1-cc2f-4a03-acfb-dbc3759bf0f2,조다온,여,2003-07-22,21,부산 광명시 97로 196
0738e723-ce1d-4754-a6a1-402d36afc4cb,임서진,남,1999-09-10,25,서울 강서구 64로 50
0b9e80d8-17d0-4ac8-a56f-0b7a5bac01c6,장우빈,남,1987-04-23,37,강원 중구 13로 138
7197b94f-8c3c-433a-bc9d-b92b2e4064e0,박주안,여,1983-10-11,41,충남 동대문구 23길 186
42082d34-fa53-42c6-8675-561ab3a2d45e,최민혁,남,2007-12-23,17,세종 남양주시 1로 131
f038e2e1-4e7c-444b-9d8d-3f5a6812c303,이승우,여,1986-12-04,38,강원 서구 39길 140
8b5926e2-b479-4a40-9f2a-301544bb3178,윤민우,여,2005-08-15,19,제주 북구 76로 54
3a5cea20-626f-45d4-b1a1-484085e7c56c,이재원,여,1991-09-21,33,강원 관악구 55로 13
117a243e-bda1-43c9-9a24-39cc540a80a8,박민성,남,2001-04-23,23,제주 서초구 22길 116
db4b4c12-c4ac-4192-8836-9a6c54eed067,조한결,여,2005-04-04,19,광주 동대문구 96길 67
c64adb28-ee85-451c-86f2-dfd10d69f86f,장우빈,남,1992-11-11,32,서울 동대문구 93길 61
eb07e79c-24c8-46a3-b0ed-6a2e95c3695f,임정민,남,1982-06-06,42,서울 강동구 65길 179
325cac9d-c7f8-4ab6-8f07-91aaa56ab546,박지한,여,1988-11-10,36,제주 부산진구 4로 139
456b91ea-d191-409e-9ade-53daff43b2a7,김성민,여,1982-01-21,42,서울 양주시 84로 162
173c9fb6-0a58-4109-ad44-c405005ce2cb,조지성,남,1991-05-18,33,울산 동래구 33길 142
9bb5404a-45a3-4f68-8757-107d0a62f369,정우빈,남,1980-07-23,44,충남 안성시 79로 27
75d4a98d-7dc9-414f-bf20-1299ffafe755,임준우,여,1991-02-13,33,충북 부산진구 56로 186
7f572342-fb97-47b4-95d3-c4b31e61a6d0,윤민성,여,1998-02-05,26,전북 도봉구 100로 148
4d7ed4c5-4304-4639-b590-21cd3059df7a,정민재,여,1999-02-15,25,전북 해운대구 67길 127
d0a4d93f-9d5e-46cc-a818-8f53416dd7fd,장하율,남,1982-09-15,42,부산 북구 90로 80
07ac2bc2-d467-4910-ae7e-247b0aab3a84,임지원,남,2007-10-02,17,경북 부산진구 35길 79
6b0192c5-27e8-47a5-9625-649f18155379,윤선우,남,1986-10-16,38,대구 해운대구 38로 104
3b18b826-7a4b-48d9-9ff0-3ac762c0e8e5,장지성,여,1989-12-17,35,강원 마포구 1로 39
b919411d-67d7-4c6c-8066-ec48c4d0f533,장민준,남,1990-07-21,34,전북 기장군 26길 35
d055f6f7-2341-4410-9cb0-1322b200fd8c,김재원,여,1992-04-26,32,충북 영도구 88길 159
7337e5dd-6088-4978-87fa-6e821767c9cf,정성민,남,1985-03-18,39,강원 은평구 94로 146
640287d5-4d80-4134-91d4-8596295dd6cc,이윤호,남,1983-01-14,41,대전 종로구 99로 162
25b3fc44-950b-4a64-bb79-21eb0e0d14cb,임준영,남,1995-01-11,29,세종 사상구 16로 20
eafef831-d903-4a9c-8352-68c8d849fbc2,임윤호,남,1990-06-03,34,인천 광진구 99길 61
15639108-7ccf-446b-b68d-868d3b0d0539,최민찬,남,1996-05-07,28,대구 강서구 57길 151
dafa572b-8cb4-4685-aee6-da98a81ac413,장지훈,여,1999-09-20,25,충북 동대문구 8로 65
1529220c-80c9-4ebd-8a99-a0d83c85e402,최민찬,여,1988-12-18,36,제주 화성시 65로 5
73a63de3-35e3-441d-b728-2b33d8b25a96,임주원,여,1996-02-06,28,강원 고양시 13길 52
3bfa68b5-f753-4364-bb1a-8368f8ff1092,이다온,남,1986-10-24,38,인천 영도구 100길 15
cef86411-1943-4d0b-a546-8969a73ae338,임건우,남,1998-01-09,26,대전 성남시 37길 195
8661aba8-645c-433d-88d5-219c5777d0ef,임예준,여,1981-10-18,43,울산 영도구 9길 99
7c035eb9-6d87-4470-a39f-dde0fa025b0a,임윤호,남,1994-12-05,30,서울 안성시 26길 174
9d89ccd5-522b-462a-b971-7bc4f962626c,윤승민,남,2010-10-14,14,인천 서대문구 8길 121
52916e13-0fca-4c5f-b28f-6d41ecca37e0,장은우,남,1983-11-03,41,경기 하남시 29길 90
365842e8-4c4b-4f8b-aae7-784113f6fd53,정선우,여,1988-02-28,36,경기 은평구 28길 131
71ee723f-1470-4e51-a17f-3b07e14a4bd0,김지안,여,2009-11-16,15,서울 은평구 76길 35
b49fa864-1ef5-4f66-ab77-ca198e354c1a,최재원,여,1987-05-04,37,경북 마포구 33로 153
dcc62fbe-542f-4c0c-9441-c30ad27e3e80,윤연우,남,1991-02-06,33,전북 화성시 23길 55
83fbab53-6037-4023-9b70-9f8d1c20baa8,장준서,남,1990-01-08,34,울산 남구 2로 29
880fe6b2-57f0-42ce-85cd-a0861a388025,박지후,여,2000-07-17,24,경기 화성시 51길 62
9dba6f61-bb76-4852-9604-e1b63177dc67,조은성,남,2010-02-14,14,경기 성북구 69로 102
983b44be-84be-4e46-93b7-fab2affb623f,조한결,여,1980-04-04,44,경북 도봉구 77로 120
d1489991-ba18-4832-abf8-415795c470ac,강규민,여,2003-07-27,21,세종 북구 65길 135
b03975fb-4264-4570-a812-67417cb819bc,조하진,여,2004-11-05,20,서울 해운대구 91길 83
042fa577-de74-4792-bae2-347cb80d74ca,이유준,여,1983-12-15,41,충남 영도구 2길 129
657b1465-79ce-464b-a25b-462287f0e234,강하람,남,2002-10-18,22,부산 용인시 86로 172
9a7f14be-e2a7-4c0c-b7f4-7a8a6f0fd070,박현준,여,1998-11-07,26,부산 화성시 68길 110
6f6f89bd-1c5c-4b90-913b-e438de9fb775,정준우,여,2005-07-20,19,대구 사상구 93로 70
889ac78e-4888-40f1-a98a-f7019a109155,이진우,여,2010-12-04,14,제주 강남구 90로 59
b092cb30-576d-4727-9627-9fe42ffb0401,윤수현,여,1985-09-03,39,충남 남구 58로 172
27a3cacd-2743-43c8-8938-2643f4713539,윤한결,남,2005-06-22,19,전남 연천군 45길 27
d51f9828-fd68-4761-8708-08aa961933b5,김윤성,남,2003-10-26,21,인천 연제구 51길 158
a2ceaa1d-047c-419f-bdd2-8d525195e4ef,박한결,남,2005-03-10,19,전북 사상구 16길 60
22a782b3-3395-459f-ad4f-7cb83ff79697,윤준우,남,2004-02-05,20,강원 금정구 40로 53
17107d07-8627-4c10-b262-c9ed5c84a88f,임지훈,남,1999-01-19,25,광주 안산시 45로 74
18cc5be2-3646-42b4-8359-7be98ea36154,강민혁,남,1997-08-02,27,광주 종로구 66로 144
74b12b90-1ea5-4e02-870a-07b26e36abfd,임준수,남,1994-06-20,30,경북 성북구 34로 83
8533826a-8232-4ec9-ac19-8e0cc6df57b7,임도훈,남,2001-07-02,23,울산 파주시 87로 38
782df407-3c67-4a1a-971f-07ddf9b31998,최시윤,남,2005-01-20,19,서울 시흥시 52로 66
0f779aed-4759-4190-bea9-83dd38f3f8ca,최시현,남,2000-01-13,24,대전 군포시 51로 138
cfd91a49-f414-46fc-a551-fa95a810981d,윤태양,남,1993-03-01,31,전북 금정구 55로 40
098ce67d-6d6c-4ffd-9c4b-c8e7d4191001,박준호,여,2006-07-26,18,충남 동래구 61로 167
7f4012e8-5b0d-42d0-9dce-892ea65f9736,윤윤성,남,1984-10-03,40,인천 성북구 94길 190
7ab1725d-734d-4e4e-a20f-bd1b6b6e6dd4,최연우,여,1991-03-28,33,전남 기장군 73로 184
a7e40b34-f0cf-4196-86b3-fbfef5e9b512,박윤성,여,2003-04-26,21,경기 하남시 81로 154
f1341702-b3e1-434b-8ad4-4351698e6086,임시윤,여,1987-05-21,37,충북 중구 31길 93
d44f005d-47f7-4657-b984-8ab15ec4e28a,박이현,여,2005-07-23,19,경기 강북구 52길 192
09d36762-04a8-4936-95a7-494954ca9cd0,김유준,여,1988-05-03,36,대구 안양시 30로 91
eacc4b17-6ea7-4227-bf20-e548f5c88896,장준희,남,2010-12-19,14,경북 시흥시 38길 72
4494c365-a0c5-41af-b2da-02d12c63c5d0,이이현,남,2010-04-01,14,경북 오산시 64길 197
79c0b110-7a66-4dcc-a30d-836e0bd705a3,이지안,여,1981-12-07,43,제주 여주시 43길 73
1d6efcbd-c9d4-4ac7-883b-f9c2c7f73ddd,장지호,남,1997-03-01,27,울산 서초구 60길 174
8e0fe331-2af7-42f8-a631-34ef34501d8d,이이현,여,2003-04-09,21,전남 하남시 67로 101
2449e05f-6fb8-4720-865b-5fa4d08ae7f7,김은우,남,1991-12-02,33,인천 중구 82로 146
112049e9-45ab-436b-b0f4-f591fb67aca5,윤지우,남,1995-06-09,29,강원 사상구 42길 131
1315c320-108f-4d87-85a2-afdeb3f4d879,최지호,여,1995-06-28,29,강원 부천시 13로 23
24a60d4a-c67f-4fce-9eff-4d53fa41cc6b,조시원,여,1999-06-07,25,경북 광명시 90길 21
2d39b032-40f8-4d60-b81d-543bd07e1807,윤주원,여,1993-02-03,31,충북 동구 60로 82
3e2f4599-5d62-494b-bf8b-0357a4600046,이민우,여,1991-05-26,33,세종 영도구 88길 102
6447e76b-1783-4644-9579-4de289a51e7b,임이준,남,1991-04-24,33,충북 양평군 11로 44
ed98192e-0bd5-4ff7-98dc-735cb7b5c8b3,강은호,여,1989-04-01,35,제주 성남시 20로 16
c810e2fa-682e-4d40-b2fb-f4a1860e1173,정시우,남,1997-08-17,27,경기 의정부시 57길 5
c99e081d-9442-4456-82d9-aed700a277bb,임은성,여,2006-01-17,18,경기 광명시 93로 88
ebbbc79a-f18e-4520-b45c-7657708fa1bd,정다온,남,1993-06-07,31,울산 동작구 78로 104
901c5ece-eb55-49b0-a1e2-bb59942276a4,임로운,여,1999-09-22,25,충남 수영구 70길 163
f5f220b4-58ae-4e4e-a5f8-3ce5515e1992,이이현,여,1984-02-05,40,서울 남구 81길 75
8e4b4acc-0051-428a-9c61-2a6231f1876a,이성민,여,2009-07-19,15,인천 동래구 96길 42
cf75ada6-8038-47ae-a293-e78a82f11e91,최민혁,남,2002-04-28,22,강원 서초구 94길 15
abf58cd3-1212-47fd-b26e-91697a409b41,박지한,여,1981-02-09,43,울산 영도구 96길 174
57eb0f51-e538-4f5e-9f52-bc48e5621b4e,정윤재,남,2003-03-27,21,충북 마포구 69길 64
3c790f7a-1afe-48cd-81bb-d36f84b95f49,최로운,남,2008-03-23,16,서울 사상구 3길 141
4e5f9b37-5918-4ef2-bb92-21b92c93be98,박현우,남,1995-03-24,29,서울 기장군 5길 69
0b616939-e70f-4687-bc3e-0f095ba4ffed,정준혁,남,1989-11-03,35,전남 강동구 17길 17
628069e1-44f1-433b-8453-fc4f1b8b2e64,윤준혁,남,1988-12-24,36,세종 하남시 40로 50
17a2d046-2a45-4ad7-a2fa-315881f8eb23,김태윤,남,1996-05-11,28,경기 도봉구 100로 106
14c75932-891d-4c34-be55-b6ae26443d49,박선우,남,2010-05-21,14,대구 영등포구 89로 162
0661cba7-a8fe-4d40-bca6-5fa7522695a7,박재현,여,2010-07-18,14,대구 오산시 8로 114
21241bdf-6d89-4d09-aca5-da79b24e0353,최서우,남,1992-09-11,32,경북 동대문구 60길 123
f34610b2-e01c-4fcd-8bd1-879467d2af1e,장지환,남,1995-02-25,29,충남 송파구 96로 135
72a31c30-531c-46b5-b230-d42bbe6eefee,장정우,여,2005-10-19,19,경기 송파구 10로 104
3adf7dca-a1cf-4c27-a1cf-83c2d023b181,최시우,남,1985-12-25,39,광주 양평군 82로 49
1ba80063-9c6b-48cf-97aa-62995f3c1010,윤윤재,여,1990-06-08,34,세종 관악구 14로 144
2840734c-5b36-4b64-887c-346553794533,강이안,남,1982-08-13,42,세종 성남시 99로 85
fe81573b-c393-487e-a777-7d70b9171269,김로운,여,1982-08-10,42,충남 동구 3로 13
cc279414-c717-4fba-ae8f-5fbd51af30ae,김시현,남,1985-12-26,39,전남 파주시 27길 38
82d60a29-a014-46d7-8409-0a17f5bc3ccf,최윤호,남,1983-03-11,41,부산 하남시 59로 175
63e6ae7a-06cb-441f-94fb-62ad6758f706,장민규,남,1996-02-02,28,전북 강남구 51길 116
fee5f61a-f172-4cee-9ab9-e08378645efe,조시우,여,1999-03-10,25,경북 관악구 71로 22
541be346-2137-49d3-a0ed-e942c1783ff0,정현우,남,2008-06-28,16,제주 노원구 44길 91
27e2ce5d-2606-4a23-a4c0-9e727d7587ef,임유준,남,2000-03-10,24,경북 금정구 97로 133
5a67ae3b-fc19-43a2-8f00-7bca227fc57d,김민호,남,1998-04-26,26,강원 강서구 12길 91
a91bca20-29d2-4dc2-9837-0b2ad07ca173,임주안,남,2001-07-09,23,울산 남양주시 83로 6
d08235b9-040e-4d3f-9332-0e3fb0d0dbfd,박현준,남,1994-11-23,30,전북 금천구 61길 153
77395cf7-3aa7-48d1-b6cc-d0502339db92,강하준,남,2007-10-08,17,부산 서대문구 30길 121
1f7ab918-e30c-4983-bfcf-a3e809c675ae,조성준,여,1982-03-27,42,부산 하남시 67길 142
23c826f5-beb2-4341-a938-0fef2acc5af3,조시온,여,2005-07-02,19,충북 연제구 100길 125
ccf03ac9-c3fe-4b46-81ba-7aa36a4e01f4,윤규민,여,1987-07-26,37,경기 동작구 77길 36
6c900431-b093-4018-80d6-4ee3184037d3,최수현,여,1989-03-01,35,대전 남구 47로 17
8b1b8bd3-1bd7-4361-8761-a19638c1c0cf,윤승우,여,1983-04-04,41,대전 화성시 79길 107
d5904e8c-e57e-47b6-ae32-70f22f03ffd1,최다온,여,1983-02-26,41,부산 금천구 83로 180
40e8f181-8e26-4965-8366-75fe9ffbc05d,정지호,남,1986-03-02,38,인천 수원시 19길 158
2eb17f73-da61-41d8-bb31-3ab13a1ce974,김하율,여,1994-02-14,30,충북 강서구 87길 31
af202e65-b8a8-4287-86ad-244cb354d3f3,김연우,여,1991-06-27,33,울산 서초구 87로 170
4aee31e2-a476-4dde-ab82-a47760294023,정진우,여,2010-06-01,14,광주 강북구 32로 106
c31200d6-19c0-4884-9271-5b538769b6b1,최서진,여,2009-02-12,15,충남 의정부시 15로 179
f9e19e08-0bec-4a41-a2c4-d6a0a4b9dd84,장지훈,여,2006-06-21,18,광주 양평군 12로 180
8fdaebe9-5453-4964-b1ed-2a6c46f34ef0,윤민혁,남,1989-03-28,35,강원 중랑구 54로 153
3004d004-c4f8-4739-8e8f-dc6cfab2553d,이준영,남,2010-12-28,14,전남 고양시 80길 188
d0669c13-2d2e-4840-9e27-3d9df49e510a,박민우,남,1988-07-27,36,서울 강남구 75길 179
0bbe3e81-c212-44bb-8c72-0e3b6440e8c3,강민우,남,2006-05-10,18,울산 과천시 55로 112
898599af-4510-471d-b8e9-1ef1cca05539,이지호,남,1995-03-18,29,울산 포천시 23로 183
d10f8ebb-0b91-4a87-b811-58b9b1359540,정도현,남,2001-04-25,23,제주 강서구 28길 72
aa861062-0e12-497b-8b3c-7194f006401c,이민성,여,2008-10-16,16,대전 동래구 78로 125
82862de2-b0c0-4143-b870-4850286d3aae,윤현우,남,1981-11-03,43,인천 성북구 2로 181
dec0a970-ac6a-4657-8211-00d280e74f52,김하진,남,1990-09-16,34,경기 수원시 66로 24
b2e2eb28-700d-407a-9ee2-7f14e7618073,임이준,여,2000-01-15,24,경기 양주시 57로 73
11d933fb-97b2-43d5-a1fa-a8ab8e6a8f34,박성민,여,1999-10-28,25,인천 하남시 64로 101
8c2f3f24-f2d6-473b-975a-d7aedafce759,장시후,여,1991-04-28,33,제주 영등포구 33로 177
81325922-0b99-4722-81c3-4dc6e5ba1f10,김이현,남,1986-03-05,38,대구 금정구 96길 61
a1c10150-7b1f-4681-9838-32502910674b,윤정우,남,1997-06-22,27,대전 강남구 28로 125
18908db0-6f65-41f3-b3a2-5aacdb1cff66,강주원,남,1981-07-08,43,대전 도봉구 96길 101
16454df2-d23f-4709-aa91-d5f70a694f55,이윤우,남,1988-02-21,36,제주 양주시 60로 13
40a57f08-9b6c-452a-9952-e5b4479b62dd,강유찬,남,1980-03-15,44,서울 사하구 42길 98
5c78770c-5aa9-4926-b071-83c49b6f34af,이민성,여,2004-11-16,20,충북 서대문구 31로 31
b1cfc248-a29a-4997-93eb-df0e1c13c00d,장예성,남,2010-09-09,14,부산 동작구 93로 164
4da11dcd-c7f5-448c-996c-9aa38ef0bea7,장수현,남,1995-07-04,29,세종 이천시 93로 135
d0ed5272-e402-4912-9e28-8514bf1ae2ee,강은호,남,1981-08-28,43,전북 서초구 12길 18
42275d95-7f2f-4502-9c90-130972f0a238,정민찬,남,2008-08-05,16,대구 포천시 55로 125
b11f83e6-d3cb-44d6-b40c-bb14a106eae8,장은호,여,2002-10-21,22,서울 도봉구 73로 44
b86245c0-3a68-4f53-aefa-9b2a2b9bf4b4,장예준,남,1998-01-28,26,세종 종로구 4길 22
f84690e4-7da7-42d6-9ba5-50da14256cc2,강민성,남,1986-12-13,38,전북 구로구 47길 199
b6d984e7-2bd2-4dd1-a618-687954c68de7,임하준,여,1992-12-14,32,충북 금정구 72로 136
76a32929-af65-4984-96be-2b7919be5aa1,김하율,여,1998-06-10,26,울산 부천시 71길 164
78bfde83-8c09-4c7a-85b7-5c47475b21c3,조이현,남,1983-08-23,41,강원 군포시 94길 55
1a9f9f5d-4d4b-4309-a8c2-dbf1a2d4a527,박현준,여,1994-08-23,30,충북 과천시 53로 59
735a7e97-9c2d-4704-a5fa-541a859ca475,임은찬,남,1982-05-02,42,경기 영등포구 12로 106
3a477dbc-60e7-495c-bc06-d0b835eaa4a9,임규민,남,1998-08-26,26,제주 연천군 93로 104
229986f6-f21e-413f-9510-1fcb7894d990,강재민,여,1985-04-06,39,충북 김포시 16길 180
e4283cbb-1e76-463c-a06c-eb998ce4c10b,이태민,여,2003-10-28,21,울산 평택시 63길 84
3c5adc11-4519-4244-88ae-5f3dd1293be4,이은호,여,1988-08-21,36,강원 사하구 23로 104
fa3134b4-f453-4df6-9fd4-d0fe6d11d22f,장지환,남,1985-06-09,39,제주 시흥시 77로 34
c5a45795-8718-48ee-823d-9dcf1ca83506,강은호,여,2007-02-25,17,전북 서구 43로 136
679b91ff-ffd8-400a-96be-7adb927ba5fe,임수호,여,1988-12-28,36,충북 오산시 26길 68
43beb81e-ad84-4c0f-aafe-f5a6af62e2b4,최지율,여,1998-09-14,26,대전 양평군 25길 195
f1a20921-fa25-4a3a-bc2b-d3ad1ef5ef4c,임서진,남,1989-08-12,35,강원 관악구 36로 106
77a1ad0c-94c8-4d73-a168-5ba6c48c6808,김수호,여,1988-09-18,36,대구 서초구 21로 29
9e6cfb0c-b40b-4a6e-b1ae-ce0217f81b69,이민호,여,1983-05-28,41,경기 금천구 88로 47
cf2a223d-0294-4252-b9ee-dd089c6ab958,김윤우,여,1996-07-23,28,경기 성남시 39로 97
937a8a55-16ea-441f-b7fe-5c9ca7163565,조재민,여,2005-03-24,19,전남 도봉구 24길 139
4134af19-ca20-4b41-a8fd-201511c3a406,장지원,남,2005-07-23,19,인천 수영구 18길 135
795ffedc-3109-4259-980e-0ff7288caf1e,김정민,남,2008-04-10,16,전북 서초구 13길 179
cb5808e5-774c-4f5a-9e68-b11d576b992e,임이현,남,1994-10-06,30,인천 도봉구 98로 87
f894e246-634e-4661-b22c-a0e21ff3a2c5,김승준,남,1988-11-02,36,제주 파주시 37로 71
412a1b6b-0dc2-43e3-a2c5-377bb203eaff,조건우,남,1989-01-07,35,강원 양천구 20길 132
34d51a6d-595e-43f1-8d25-a3b5e1d9ab6a,조준우,남,2000-12-14,24,부산 동래구 86로 192
3795b64d-cb48-4d2b-a65e-6498a2e58369,최성현,여,1992-07-02,32,서울 기장군 53길 156
6d99251d-9caf-485a-b7d5-47f78d0314e9,장민호,여,2009-11-11,15,경기 강남구 92길 61
9a0d1bdb-da1d-485b-a115-d71e1f286278,최하진,여,1988-08-21,36,서울 해운대구 45길 88
879e4888-931a-4396-a397-6de5b9116305,강지훈,여,1998-06-08,26,전북 강서구 95길 101
8baa6cae-a90d-4aea-888d-efa31930b853,박승현,여,2009-12-27,15,충남 고양시 63로 188
44a0ede1-bfbc-4913-a339-c3400c20a5c4,최준영,여,1988-05-03,36,전남 금천구 95길 1
23d91221-a1e8-4f06-8da9-bc97e4242239,박지안,여,1981-06-14,43,서울 영도구 55로 174
e03ad534-0a66-4d15-a5e4-ce8bb828273d,조동현,여,1993-01-10,31,인천 평택시 89로 176
02fda07a-344b-48c3-a97d-1102502463aa,임지환,여,2002-06-28,22,경북 동구 20길 197
efe0a2ae-046b-47f4-a863-59fafb064104,박지안,여,1991-08-19,33,제주 동대문구 51로 99
bce4add7-b75a-4b24-b2c9-3c5cee6725b6,박우진,여,1998-12-09,26,대전 동두천시 9길 25
b72b6107-ce9a-47e7-a067-dce55e4d3346,임은호,여,1992-06-08,32,서울 양평군 88길 52
5897e0da-00a1-4e79-9f10-db8c61f4cdc5,박지훈,남,2009-08-28,15,울산 중구 82길 183
2ceef7e3-f7fa-46a5-88c2-8ff9a1de791a,이하준,남,2003-08-13,21,강원 사하구 76길 55
913d211a-21ab-4fd8-b122-f869e12bb2f0,김지호,남,1991-02-05,33,서울 구로구 63길 89
aa55d8c1-9fc5-4ac4-97c0-a649683a781e,정시원,여,1997-02-23,27,전남 광주시 76로 46
587dff20-9e69-45ce-b72d-a75c005f1f63,박지원,남,1994-03-28,30,경기 관악구 19로 133
a8e3d72a-41a8-4a30-990b-bd013115c06c,김선우,남,1988-06-05,36,전북 고양시 66길 90
d132abc1-c3ff-4d05-aca0-30f7cf969765,이이현,남,2010-09-19,14,충북 광진구 24로 64
e0ac4d93-e21e-4ee6-99b1-4ee3d28e323f,윤준혁,여,1988-08-06,36,경북 중구 44길 17
7828d529-bbf0-4697-99ab-62bd092afd6c,조준영,여,1980-05-10,44,전남 여주시 66길 178
acb0df77-3a3a-4a3e-b85d-5278df029d60,최태현,남,1990-07-13,34,강원 남구 80로 34
86424ef0-2c1c-42ed-9880-21cb6aea8288,정이준,남,2000-06-27,24,세종 파주시 47로 92
12854386-e739-4c7f-9f70-7890c0bb3e54,김승우,여,2000-08-25,24,세종 포천시 9길 179
3afc4127-c850-4e89-8121-4c3a82f2fdee,장하진,여,2009-02-04,15,서울 서구 33로 16
8f5afb3c-431a-40ed-b25d-5b6f1d4b169a,장수호,남,2007-02-14,17,서울 남구 73로 157
51ae0999-c02a-4907-ac07-10e1f7164159,강승민,여,1982-04-04,42,대전 중구 60로 152
4603e6b6-345a-4848-815f-a8135b4631cf,장승준,여,1993-11-07,31,경기 남양주시 34길 2
39486c36-450a-472f-8190-adcc98666f5e,최서우,여,2002-06-25,22,서울 남양주시 82길 187
df54a0cb-15dd-46fc-9beb-d510c173a48c,김우진,여,2007-03-28,17,제주 관악구 90길 175
5cb6ae07-a044-41d7-946f-795826931778,이민규,남,1997-05-05,27,대전 동두천시 59로 196
73c8d6c6-d3eb-43f5-bc12-880fde7d12d0,강시우,여,1987-10-25,37,부산 화성시 5길 115
c9638399-95d5-46a9-ace9-5864fbe89da2,정서준,여,2005-05-27,19,서울 화성시 68로 140
cbf849d3-c326-4616-8300-672ae707e25c,윤우주,여,1994-01-26,30,대전 강북구 86길 5
024cb8fe-19b0-4cb4-ae22-be476d504254,이승우,남,2010-12-14,14,경기 광진구 81로 139
b6131b72-938d-4c05-bcaf-8c0aacba6597,김준희,남,2006-05-02,18,대전 남양주시 39로 65
9116c86a-9c8f-4ca1-ae54-c649da521f67,조이안,여,1990-11-28,34,충북 영등포구 77길 37
a269f2a9-c8f6-4232-9c95-6a61b9699a4f,박예성,남,1998-03-25,26,전남 동작구 39길 95
e038a962-9cf0-4a87-af33-c9dd40eec12d,장하준,남,2008-10-28,16,대구 도봉구 57로 194
dab8aa34-e10c-431a-a02c-2e8da986bc40,임유준,남,2000-01-06,24,경북 이천시 90로 13
519c0ce5-98cc-4c54-966a-f034eca93fd2,윤서우,여,1996-08-07,28,경북 안산시 34로 132
b5ed1763-9fb5-4424-93d1-8a3218430c43,윤은호,남,1985-04-19,39,세종 양주시 3길 61
535a6f5a-093b-4622-9799-10a1052af39a,임지후,여,1982-12-09,42,세종 김포시 84길 139
80543e2f-bbb5-4c92-9c67-3b0b6b6babab,정윤성,남,2002-01-15,22,경기 성동구 7길 31
51c5b131-e10c-40e8-a879-6a32f51e7563,최지후,남,1980-05-20,44,부산 영도구 37로 112
23449a2f-2fba-4210-b612-c1ce20ce8bc3,윤준호,남,1984-05-03,40,대구 동구 53로 163
4d1dfcbf-4352-41bf-b4de-3a82d980787a,박예찬,여,1983-09-17,41,세종 사상구 55길 172
7a4e122b-fb48-4bf9-8561-5c82def50000,윤준혁,남,1988-05-09,36,전북 남양주시 77로 141
00a4a046-79e0-46a2-b2bc-1a5b5e4819dc,강다온,여,2007-11-24,17,광주 포천시 95로 160
76059a70-f994-4df4-b732-6845963f097c,조윤성,여,1982-10-13,42,충남 강남구 1길 139
cceb330c-6b77-4dfa-a4b6-b1c7767ca941,조민성,여,1992-01-20,32,전남 강서구 26길 117
11d574ae-3565-4a82-89f0-d03bfc5af067,윤준우,남,1995-10-20,29,경북 과천시 29로 27
48b159d3-b1ee-4a4e-8085-3683ed7eac09,김태양,여,1992-02-07,32,울산 의정부시 58길 29
1213417d-8b99-45e1-9306-f58b3ba4b602,이준영,남,1981-04-11,43,대전 양평군 11길 43
46fb452b-f57e-4a84-b9c7-3ed514aa48ed,윤준호,여,1996-01-22,28,경기 동대문구 16길 191
c25ea983-432b-44d5-b9c9-e749871194a3,김하민,남,1985-04-17,39,세종 동래구 82로 15
e7a0a4c0-c70d-4420-bb9d-95aaeaeddebd,이시우,남,1995-03-02,29,광주 의정부시 41길 31
5f7c3661-a9fc-4645-b1b0-b89dc2250ac7,최성민,여,2009-11-10,15,충북 기장군 87길 18
943b298a-1a00-43d7-a6ff-81b708ef45ea,이준희,남,1980-07-14,44,대구 이천시 72길 187
315933ba-a23f-4dfc-9b03-547df45b1b7a,이은호,여,1982-09-22,42,경북 북구 13로 192
5c42102b-0d9f-4dbf-bd67-4a86d88dcdac,이시후,남,2000-06-04,24,경기 강남구 29길 111
7bc3bf25-2573-43e1-a336-5a56cf936b82,김윤성,여,2003-03-06,21,강원 연천군 25로 143
04b5106a-d4f0-4094-9684-c9b7f5f2d7d4,임지원,여,1985-02-26,39,전북 과천시 4로 99
68e8f1c9-ca5b-4951-8c88-6583228bc7f7,박지호,남,2008-06-19,16,세종 양천구 72로 169
bfa4c4b2-9cc6-4e52-87b3-e7ae0de89710,임재현,남,1982-04-02,42,인천 서대문구 24길 190
1ed8b0a3-2f22-4ed6-8ea1-ae17ba5731a5,윤이안,남,1994-01-13,30,제주 수영구 2로 154
f10d0516-471a-4dfd-aa23-f5d9508d094b,강성준,남,1983-07-08,41,충북 시흥시 12로 16
c0c5d16f-cd94-4070-b063-55a3e3c450cd,임민혁,남,1987-11-04,37,부산 광진구 41길 151
701b91ca-09a0-44e6-82bc-9f974c3dd7c0,윤지훈,남,2010-01-03,14,제주 의왕시 46로 76
1c5925f5-d895-47d8-bd2e-ad06c1420433,박이현,남,1981-02-28,43,대전 강남구 25길 160
0d57f3f7-a45c-4d2b-a096-5471e209f97f,최지환,여,1986-05-16,38,울산 마포구 74길 126
92e0b600-6ef5-4481-ab81-a2570dee8d80,조태현,여,2005-04-13,19,서울 강남구 32길 3
66c1a0fa-4de6-4a57-92c9-5d14aac49d92,최도하,남,1981-05-28,43,대전 강동구 58길 52
f8f350b7-f34f-4cc7-93b4-62c9ffca0504,장예찬,여,1982-10-20,42,충남 기장군 12길 7
79685986-aead-42eb-b0e4-db89cab6f628,박로운,남,1989-06-24,35,전남 양천구 63길 90
a3e72e91-d23b-468d-995a-bc470abb2171,박지한,남,1980-04-21,44,대전 동두천시 49길 2
0949641c-d491-407f-a695-e852e2a6e40b,임재민,남,1983-04-24,41,부산 의왕시 91길 25
04b503e1-77e1-4a8c-a8dc-1ed473f8f58d,최동현,남,1994-02-17,30,대전 양주시 44길 46
7994e040-e039-4ea4-95de-67b1118b3cb4,장현우,여,1982-08-05,42,전북 강동구 49길 143
33f827a9-01d0-4a8a-95e7-b485e80e55b5,임지민,남,1995-03-23,29,울산 성동구 53로 134
68887cd1-6669-4043-8aec-22504b04a54d,조윤호,남,1993-06-25,31,울산 수원시 26길 39
b9fcab83-e650-4b2f-a525-8af686d45cea,조유찬,남,1980-01-05,44,충북 연천군 14길 40
7597dc0d-fee4-4504-a641-2ff7cc42ca71,임지호,남,1983-02-05,41,경북 시흥시 62로 184
5cbfef61-0629-4774-a276-8b2fdb1ffbd1,장지훈,여,1980-06-11,44,서울 군포시 66로 98
bef7168c-bd21-4491-b1be-80d0ad0ffa8b,김재윤,여,1985-07-11,39,충남 부천시 64길 61
45e9a2b8-2256-4c94-bdd1-377099fb7fb6,임태양,여,1982-06-10,42,세종 평택시 31로 138
1948c93b-75a1-44f3-98a7-02d235233e6e,박민찬,여,1997-10-01,27,충북 동래구 3길 133
c43ab553-bb42-4472-a413-c7fef718b216,장연우,여,1993-04-25,31,광주 노원구 16길 33
898494ff-820b-4b50-9e08-2a5bf1db43c1,정우주,여,1996-01-11,28,부산 강동구 38로 98
43205e70-9a3e-4e71-8d88-a73139262567,장이준,여,1989-12-15,35,세종 영등포구 23로 192
972dff83-1950-4529-8d18-56b4a5a178be,박성현,여,2007-01-27,17,부산 동래구 41로 196
0bd16224-163f-4d43-b239-8a2b2dff7a60,윤서우,여,1996-09-24,28,전북 수영구 92로 161
c0bdd8b0-225e-435a-a576-7acfeb6dd58f,강준우,여,1980-08-15,44,경북 관악구 44길 21
969dbb4e-d904-4c16-bca2-cd4254198ce0,임준영,남,1999-11-11,25,울산 양평군 56길 142
4baa77f8-22bd-425e-aecd-555e26a9d930,최주원,남,1994-05-02,30,부산 광주시 34길 42
779a41df-5a3b-47b1-adb9-3438dcb5fa84,윤은찬,남,1982-10-08,42,강원 금정구 15길 146
7cddb1be-4f41-44c5-9995-e6518821da72,최현우,여,1994-11-25,30,전북 용산구 65길 124
2c1a5cca-1f31-463f-af9c-27e9d81cc768,강태윤,여,1999-11-02,25,대전 용산구 90길 20
7052fd62-63d4-489b-8ed5-56f8dba2d30e,김하민,여,2008-07-28,16,세종 기장군 5길 190
8d5feeeb-7582-4b6a-b1a7-c93d69c43245,조시윤,여,1983-12-17,41,대구 동작구 42길 4
2ef2bba5-1330-4675-9b9a-b838f4b935ec,정진우,여,2000-01-07,24,광주 안산시 70로 181
7550cae6-0b91-4320-b02f-5f89d247f34b,김민규,남,1985-01-19,39,광주 수원시 7로 29
ab6a0962-dfcf-4e85-806e-bed9657389ff,강윤호,남,1993-03-11,31,제주 포천시 26길 38
1347643a-a32b-4595-8add-306ae9778896,김예준,여,1986-08-15,38,서울 남구 57로 199
f0d26c19-334e-4efe-b125-f4adb909fc04,장현우,남,2009-07-15,15,전남 성북구 61길 9
6ab86868-6b07-49dc-808a-70b6675c7aaa,강은호,남,1983-09-15,41,강원 수영구 48로 194
aabb5dbd-d9a6-4234-9f82-f521f045cb1b,윤도하,남,1986-02-02,38,강원 동래구 46로 192
ef8b1ef0-6b95-46c2-8654-09a4ae59b9be,박준영,여,2000-07-24,24,인천 강남구 37로 152
826129fe-cb60-48c8-9654-72c9c1f41cd2,최준수,여,1989-02-25,35,서울 구로구 84로 62
e5e2f8c9-74b1-4bc0-bedd-87e5495c4247,장지환,여,2000-07-17,24,충남 의정부시 53길 127
e0704f9c-a3ac-4817-b9bf-3851e069f33f,윤우진,여,1992-10-06,32,전남 중구 95길 57
07681f72-ba0a-4c81-a68d-685fd6b909c8,강지성,남,1991-09-25,33,충북 양천구 34길 172
fadaee34-c0aa-423f-a824-716ab394de14,박현서,여,2000-09-15,24,전북 강서구 6길 195
c605d331-a1b9-4540-9697-98c1f29a7b6a,임로운,남,1999-07-25,25,충남 연천군 70로 2
e7291f8c-71c2-4f91-908e-3f3571050769,장시후,여,1995-05-11,29,충남 강북구 61길 31
b5b7d215-65e3-4de6-97ec-41b20f3a6240,임준혁,남,1991-10-21,33,충남 종로구 24로 83
114d080f-d0f8-481e-9e3c-a8e9d9335c7c,김윤우,남,1998-11-22,26,대구 수원시 6길 88
8a816490-3b45-499d-a604-0426efe1c163,정예찬,여,1980-02-07,44,서울 사상구 16로 14
9a66bb3f-bdc2-452f-aba1-14050f6c0b05,김수호,남,1996-09-01,28,대전 송파구 69로 71
f440c12a-69a6-4cc5-864b-6300c0400ed1,김하진,남,2010-03-05,14,경북 영등포구 59로 113
437d7394-6e06-48f5-9d4f-b7195e472433,최윤호,남,1991-01-23,33,광주 성북구 25로 184
f89d089b-fe2e-4f74-beb4-8ac44cb8a967,장성민,남,1990-11-19,34,경기 서초구 5로 180
bc493f34-b5cb-4389-8357-7f83f6c25ef9,조동현,여,2008-02-16,16,강원 양평군 4로 143
3ee285b4-c18c-4f20-af87-b903a3930d4c,조하율,남,2009-01-05,15,강원 서초구 99로 86
1134b746-05a7-41b1-9b56-3ac0d3af2887,박서우,여,1981-06-23,43,울산 강동구 37길 60
86494030-64bb-433c-8242-395f5c0c5974,최정우,남,1995-03-23,29,전북 동래구 3길 116
8b1d159e-0d8c-4322-b75b-3c575d75f433,조도윤,남,1996-08-12,28,전남 서초구 79로 21
887632da-fcb2-45d6-a30b-800bc9c42b99,임준서,남,2004-02-12,20,세종 동구 16로 101
30500bc8-4228-46e6-85d2-be2e8d38e8fd,이예준,여,2002-06-13,22,광주 성동구 86길 82
28d4d72c-7434-49cc-bdf6-3d5c28b65010,최건우,여,2009-11-20,15,울산 동래구 71길 54
2155b417-6738-47e9-a4ce-0d16f65ff4fb,김하율,남,1988-02-22,36,인천 남구 68로 109
2bd53180-21d5-4074-b1d4-de225e22db66,김승우,여,2000-06-26,24,경북 종로구 94길 184
0b662fbf-a8f4-4c58-a3b0-67225ab40ea1,김윤재,여,2004-07-08,20,충남 관악구 30로 120
63d77d19-5091-4b8f-a01a-bedbdf83348f,강서진,남,1997-01-06,27,부산 은평구 61길 158
3ada116c-3c6f-495e-b284-f7f6289416e5,강예준,여,1998-12-10,26,대전 구로구 65길 149
9c2becce-54ff-40b1-aec3-57d73d219a53,최태현,여,1996-05-14,28,인천 이천시 7길 98
84507286-33a2-43b2-899a-6ebd5bd11aec,최수현,여,1984-05-17,40,서울 사하구 79길 74
cb3dc0fd-0f44-47b2-ae68-551687eb836e,이규민,남,2000-08-08,24,인천 영등포구 60길 43
21e39a11-7acc-4c07-89ef-64b685765bdc,임윤호,남,1980-10-10,44,울산 시흥시 2로 41
f3ab56b8-4953-4938-9a4e-282cb70b8cf5,강이현,남,2010-08-22,14,전북 강북구 6길 148
7c5bab4c-d7a1-4c43-a184-d6af51eb0106,윤승준,여,1989-10-07,35,대구 평택시 16길 72
d10483d2-8287-4855-bf4d-11b937f0ecf4,조성민,남,2010-04-17,14,강원 노원구 12로 197
01ce7fe8-51c7-42d5-a2e7-10e77db0e652,최준영,남,2005-08-04,19,강원 부천시 83로 174
c5059b9f-6bec-40e0-b243-ebfbb516908a,윤현준,남,1984-12-01,40,부산 은평구 64길 24
00996713-45cf-4e16-907f-2acd48258248,최성준,남,1997-12-15,27,전남 이천시 29로 90
e95e3e99-07f8-4426-9d26-39c30119cfda,장예준,여,1993-10-16,31,대구 양평군 97길 192
e81f73c8-424c-4aa7-bb0b-a1f5b3147b14,이다온,여,1988-12-03,36,대구 양주시 26로 30
d24430fb-1e53-486d-a0dd-b0762b2b35c6,김유찬,남,1991-07-05,33,충남 강북구 89길 71
ac4c06ac-fb6a-40ab-95b4-e733c5198428,최성준,남,2000-03-20,24,대전 용인시 43길 23
be805bab-58cd-4330-984b-596abc5067ba,장이준,여,1992-03-22,32,부산 구로구 7로 65
00a3e2d0-f587-4886-848d-40ea88829901,조준희,여,1986-03-08,38,광주 양천구 24길 187
1462443c-bbfe-4ae4-82a5-00e74659a1a5,강주안,남,1989-09-04,35,서울 강북구 56로 47
9f9984af-980b-42a8-8a50-698b676e8207,윤시현,남,2002-09-09,22,대구 기장군 71길 194
438073a3-51ab-435a-bce4-c289970733fc,임도현,여,1987-05-25,37,제주 강북구 84길 127
fb3da3ec-c5d3-4d7d-a156-489a325749db,임하준,남,2005-03-01,19,대구 연천군 13로 48
a30ac881-8b17-4368-8af4-901e43b117f5,정은찬,남,1988-04-15,36,부산 성북구 42로 150
0a4a2bee-08e1-449b-b608-e007200bbe00,임승민,남,1996-10-23,28,경북 수영구 63길 58
63b0caab-1cbf-4a65-b2f2-851712206cdf,강승현,남,1988-09-06,36,전남 양평군 73길 56
5b1f73cb-cba7-4563-9853-4528c454dcd5,정지안,여,1986-01-18,38,제주 기장군 40로 83
16a473af-a83c-4551-a167-6a58af5b93b3,장성준,여,1998-05-13,26,충북 연제구 62길 87
b2126e53-fe0c-4ae4-a399-b03c4a15b2a0,조승우,여,1993-12-18,31,대구 사하구 3길 4
a5cfa322-8407-4dae-8823-dad95352551e,이하민,여,1992-09-19,32,경북 강서구 47로 121
a9f0a0db-34a1-4331-a858-fff2d5593af1,임태양,여,1998-05-24,26,부산 동래구 24로 120
74bf02c8-8195-4871-883a-ccc000b31396,조지환,여,1994-04-18,30,경기 남구 79길 114
e51cef4a-731f-4ba0-b739-9009f4f18c54,임성민,남,1983-12-14,41,광주 북구 100로 146
4b1e87ce-2ade-4ea4-ba7c-4ff491e2d3aa,최예준,여,1996-10-19,28,충남 강동구 89로 100
28b2012e-a620-42dd-a053-618c84615603,윤현서,남,2003-06-04,21,전남 연천군 60로 180
981517f6-829c-4f95-9ca1-73d2e4aaae7d,강하진,남,1998-11-23,26,제주 마포구 28길 110
dce40656-f121-49f4-a3e4-1b9ecc1ee958,장건우,여,2000-02-27,24,충북 화성시 30길 150
f5c8882a-b969-4658-af4a-66b82e8961f6,김시윤,남,2006-07-11,18,전북 도봉구 49길 152
665aceaa-1897-4dd4-ba59-c0cada2c03c9,최예준,남,1989-01-15,35,광주 이천시 10길 110
5a14ac5f-086d-4385-ac5d-dc79b4180aa6,장우빈,여,1987-12-18,37,전북 고양시 65로 49
d6731597-129b-40f6-9aeb-68091f7e5fb1,최이현,여,1996-08-15,28,경북 해운대구 45길 83
2df2b810-0494-45b9-a220-51018b02bd46,박지안,남,2004-12-19,20,전북 중구 13길 41
d3e5281d-2bf6-4f11-b90b-5bfa4fde1bc2,정우주,여,1998-11-02,26,충남 해운대구 26길 148
14ba6364-4816-4aff-91e7-44139df167b3,김지후,여,1999-09-26,25,전북 북구 57길 49
103ab034-ef3a-4d58-9b0b-da476435d43d,이지성,여,2003-12-11,21,광주 김포시 13로 25
4ad836b6-b980-4f23-82c0-b8c52c06b0b4,윤도하,여,1983-10-19,41,강원 금정구 38로 141
b47fe92f-f05e-4da8-b888-699dd5dc43d4,정현우,남,1983-02-05,41,세종 종로구 21로 152
4852733f-c676-4bd8-abef-0eee76e058a5,임시원,여,2003-01-21,21,경북 의왕시 5길 122
060a914b-17e4-4698-b0e1-13ae2047b0e2,임준영,남,1980-09-04,44,충남 사하구 39길 90
305edfea-b5b7-4050-9f56-adffd7408592,임은찬,여,1994-01-28,30,부산 동래구 86길 116
51467a6c-1c94-4919-bf04-d9676838a57b,윤이안,남,1993-02-08,31,광주 도봉구 50로 174
7fcb335e-949d-4d4a-99aa-e1db1c286f58,박연우,여,2010-05-03,14,인천 안양시 23로 41
58e99291-a01b-4b95-9a22-8e7a4e7be0c0,이정민,남,1983-07-14,41,광주 강서구 86길 77
a9fafa0a-960d-4674-b07b-de79bf3bc55a,최민혁,여,2003-03-14,21,경기 동래구 21로 145
e97763ed-5d8e-42a6-b0a7-449df5c73241,박지원,남,1982-02-02,42,대구 양주시 53길 151
d743577f-c581-47f8-a58b-265717db87cc,박성현,여,1986-12-22,38,광주 구로구 17로 76
dd206701-8a3d-42c9-838b-42e378606d64,윤시현,남,1994-01-16,30,충남 과천시 64길 143
a8e67bca-a01e-40d7-b36e-0e95f4c0da9d,강성민,여,1981-12-22,43,인천 안성시 6길 79
b692f6f0-ca6b-4927-a7a3-302e4b3fe0e4,이승민,남,1995-01-04,29,전남 과천시 38로 25
478c6b86-e144-4296-81c9-cf7bf17334f4,강민우,남,2001-08-12,23,충남 성북구 87로 44
34ce35e6-5c22-4ced-8098-f7be5ebb87f0,이재현,남,1998-03-16,26,대구 동구 86로 68
81488a24-d36d-464b-9f9e-90b1c0c284ec,김은찬,여,1984-08-04,40,전북 고양시 83로 9
b9c22f3f-caa6-4d27-8a10-ab47b198be78,정준희,여,2007-11-26,17,부산 광명시 99길 87
9cf9535b-3a49-49e4-870b-37acc81006d4,윤예성,남,2006-07-24,18,세종 강남구 32로 16
31b45332-e6b8-4689-b0ad-d7bf44ad190e,임이현,여,1987-11-14,37,부산 구리시 86길 29
48c6d1f0-7c77-4222-8639-23db9647a761,정도훈,남,2001-02-17,23,광주 구리시 37로 168
bb2d92c3-83c5-4a5a-ad9c-b48c02b2f941,김준영,남,2008-05-09,16,전북 북구 85로 122
d3f84076-6840-4525-8484-494262de25a5,박도훈,여,1999-08-20,25,강원 종로구 9길 134
b2e87652-a73e-4b8f-aee0-f4c15fa9fd0a,강이준,남,1994-03-03,30,울산 성북구 59길 37
425868fa-4843-493b-bec3-3f6e4e697f46,강로운,남,2006-09-02,18,강원 용산구 89길 167
a1ea34d0-8453-4776-ac58-c1c4e47f6858,임민규,남,1988-08-13,36,대구 강동구 22길 189
94561723-7347-4e3c-be9e-febc5ec3dc0d,정승준,여,1998-10-18,26,충북 성북구 46길 182
92a6d018-1abd-4f12-8eaf-744d4257fbde,윤우진,남,1985-08-18,39,대전 안성시 93로 65
d937dde5-3ade-4697-8631-b5170cb02861,장지우,남,2005-01-13,19,대구 용인시 72로 186
1b21ced3-e7ee-4e4d-860c-64ee6d88d1ba,김태현,남,1998-06-17,26,제주 노원구 70로 91
5ec7ee3e-62db-47e5-8177-39d2d1666b23,장성현,남,1985-12-14,39,경북 서초구 47로 185
a94fb0c9-1f87-4b04-aed2-00b817053103,강시우,여,1999-04-10,25,충북 광명시 14길 87
344bb2f4-dfab-4d56-845a-8eef81fbed16,박하민,여,1983-03-14,41,울산 종로구 8로 17
0ecd9e9f-ebfc-4944-9c44-e5781a061177,정윤호,여,2008-03-22,16,광주 성북구 7로 11
467c8546-6515-4e59-9af3-af4cc3555108,강도윤,남,2002-05-23,22,인천 해운대구 34로 174
a26227f6-d07c-4aa8-a604-6db985b1f98c,임정민,남,1997-10-12,27,부산 포천시 8길 18
15fbeb41-a50a-4fae-84ec-08623ac3ab87,장재현,여,2005-02-10,19,인천 종로구 67로 143
3adf1430-80b0-49eb-9e53-2b2f08caa290,최이현,여,1989-09-28,35,대전 구로구 89로 121
24a0aa68-8c0b-406f-bb1e-cd7e085b94c3,이민우,여,1982-03-22,42,경기 이천시 68로 5
a6c6f396-a6df-441e-ac6b-339c10285074,박서준,여,2006-04-28,18,인천 포천시 5길 144
c5642bab-49f2-443c-b618-78325795e048,박우주,여,2004-12-06,20,광주 동래구 82로 129
aa2d6a83-331f-4505-a7dc-ecbbedcaf7cc,정지우,여,1994-02-23,30,세종 사하구 79로 41
99180c6e-fb3a-4b73-8da4-d7225c4565f3,조태양,남,1981-09-05,43,강원 수원시 12길 11
64dca5d1-d23d-4402-9824-2084560476dc,윤주안,남,2003-07-08,21,충북 구로구 21로 85
629a8182-1285-4f56-aa8e-8d5489946e02,김서준,여,1992-07-27,32,인천 과천시 26로 58
a94cbef2-4cd2-4a29-bfca-71f048c857d1,이시온,남,2008-08-10,16,인천 양주시 88길 187
62b7e26d-b07c-4354-b206-d7628d925095,김성민,여,2009-08-14,15,충북 서구 75로 95
929906d8-5c73-4cb0-ae90-68aa08fbf6fc,장하진,남,1985-09-24,39,울산 의정부시 96로 63
cdd2445d-51e8-4f8f-be24-827c9937f8e7,김민준,남,1998-12-18,26,인천 연천군 16로 183
ccfa76fe-4d33-468b-836b-10e16e870588,이지민,여,1987-10-23,37,전북 의왕시 55로 58
0c60fa2a-3bcd-4473-8641-e72b5c48ca82,조한결,남,1997-11-10,27,강원 성북구 79길 60
8cb733d9-3d89-4d8b-b69f-03bb316d0c7f,임우진,여,1993-06-22,31,전북 여주시 35길 176
57654e86-d942-4fba-9c76-f0fa717bd03d,강지환,남,1991-03-10,33,부산 사하구 27로 162
076e9135-261c-4929-ad56-88fd9c0a01e8,임태윤,여,2007-11-07,17,부산 강남구 89로 66
484cd17d-53cf-4b22-98a1-12bb034020c8,조지민,여,1984-03-11,40,충남 해운대구 11길 10
4b259137-3824-4cb9-bac4-234a84f28dba,최유찬,여,1994-12-22,30,대전 파주시 4로 140
cf91c030-78f4-415c-a6a7-f168bbfe17cb,임태현,남,1990-01-05,34,울산 오산시 65길 121
e1975321-6dee-4659-8622-0b6264272a69,정지훈,여,2001-02-10,23,광주 중구 98길 198
ec22d9f6-879a-4a6f-ab5b-0f669dbce053,강로운,여,2006-01-25,18,서울 강남구 61로 10
bc3d9851-c4b5-4ed6-a7fa-3a9d22669bb9,최주안,여,1981-10-28,43,충북 기장군 17길 195
d8c266d9-7dd3-43ec-8a14-cbc1ce84bba3,김하람,남,2005-12-16,19,경기 노원구 9로 38
fdc03f5a-ea3b-43c8-920c-f2464ae25460,임주원,여,2005-04-17,19,인천 서구 12로 49
a434a858-ed73-452a-a630-ec7319b05ca7,이현서,남,2001-11-08,23,전북 북구 57길 47
e5bdc043-969e-48a8-841e-75da77055227,강지성,여,1980-12-26,44,부산 평택시 55로 125
a7e1424a-6c4e-4811-94c4-0f8292007df9,강태윤,여,1981-07-05,43,대구 이천시 88길 30
be210e9c-8bcb-4f52-90ed-895419dd011d,강태양,남,2000-03-12,24,충남 동두천시 22길 127
db25a4ac-eb90-4920-9c69-0123e86a684b,장태현,남,1999-01-21,25,충남 노원구 7길 93
a7ef0613-23fe-4845-ae7b-69042d382810,윤우진,여,1990-09-05,34,충남 사하구 48로 196
1e89a561-4c8a-4ade-8431-0a3a9351d84e,박지민,여,2008-08-08,16,부산 사상구 34로 58
0195a775-b4e5-4be8-b96c-3b447e68f486,정민호,남,2007-04-06,17,전남 강서구 40로 2
bc33c302-1d98-4a71-ad42-5de4f33481a1,조이준,남,1997-08-27,27,인천 성북구 36길 101
790051ab-3294-4508-830d-abdce0b5a62f,윤유준,여,1991-05-14,33,광주 강서구 73로 108
a8fcca8b-53f9-4375-95a7-08901cb2652b,최지한,여,1996-12-02,28,대전 가평군 84로 174
8c8e8b41-672a-4c83-8ddc-fd3c8f54fa17,최예성,여,1983-04-19,41,전남 시흥시 17로 7
5f40e4fe-483a-45e8-98dd-35cc8abe106e,이은호,남,1988-05-11,36,인천 여주시 14길 135
1479f8f6-1809-4912-828f-87307c61bd24,조예성,남,2008-01-11,16,경북 과천시 83로 114
77178ef3-3158-4c26-8fa9-89119dbb821f,임준호,남,2007-12-05,17,부산 안산시 88길 61
3c46e8ea-da9f-4401-98b3-5bfe0dab3743,윤주원,남,1981-07-27,43,세종 가평군 49길 148
54221a1e-609d-4e6f-a9fe-bd933b89c9ab,정현준,여,1992-10-16,32,광주 광진구 33로 54
3ad71867-78f7-4482-befc-bc713a22b2e4,임시온,여,1998-07-12,26,인천 중구 90길 4
b0a3f38e-3866-403f-a7a6-a8f68e867e8a,이태양,여,1990-04-01,34,울산 서대문구 71길 32
3e0d4514-fdfc-40da-a7fd-2e330c8681c3,장은성,남,1994-07-28,30,부산 광명시 51로 124
84e692c0-ff95-4134-86e1-1211c78c6335,윤태현,여,1986-10-15,38,경기 강서구 11길 57
a5f1d5fe-f7d1-4a59-a7cd-a0d4c2b38f50,최현서,여,1988-06-09,36,대구 중구 29길 117
03b989e0-bfd2-46f7-8856-1b91b840a04e,정시원,남,1982-10-07,42,인천 영도구 51길 155
33faa9f6-7810-4a59-a251-987f44c5177f,임태양,남,2002-08-10,22,부산 은평구 42로 114
855b820f-2e5f-486b-a4e8-510f97b90555,임시원,여,2008-01-26,16,인천 고양시 28길 74
fb22b076-08c6-4430-b278-3c76a7a7e62c,임지성,여,1984-05-17,40,경기 하남시 71로 197
88649d66-9285-4b12-8a6d-3aeac99dd122,임유찬,남,1985-08-15,39,경북 연천군 64길 114
c5e4e083-d983-4fcb-a50c-7b6be2293356,강서준,여,1994-02-02,30,대전 안성시 23길 86
